username,email,password
Keegan,sollicitudin.orci@google.couk,d86ab6015d9cc9b8b581b357aaa864647f4b758b8ad88b638d2b71b835f1dd47:59e407966619b0c6b99fc687d7658b58
Zane,imperdiet.nec@outlook.com,a841f1fabd61148be693e6b8ec94039f1523bffd6fed5e463a356655c3bbb380:e51420d9cd1b8c08fd242a6a7e1f8685
Timon,massa.non@google.net,1ccef98a9342b8e7450d1689ccffb8440b180cd98e7d6f1795b0ad1f1ac714ac:583c91a9928226771918e14bf8f479eb
Gay,lobortis.mauris@aol.couk,301b7fe9a1da0a73ce70416708669ceaa7c07d0f5e2300019f4e18633cfe7161:5581ebb2a9dfee9bf8c90cb2b5c09d92
Stewart,rhoncus@hotmail.edu,cca17b2f0a279fd760c5c84af3dfbccfb2e862564d8e1226e0e4105ab69d4387:601da4691f22edf9dd997459a025182d
Indira,consequat.lectus@protonmail.org,b27c1c956ec0b12bb33b2f292ca6308a2479c368bc087ca3eadb75b14a5a19d4:f2de3902d9939bd77483317522f00fee
Imelda,erat.nonummy@aol.edu,78864edef260baf4ff47296e9e10ce71e566345335589fd139178ec5a419e795:13d9eb5cc0e2c6961644c2beb2ae06a2
Nomlanga,erat@aol.edu,c8c0ac56be888171fbba07b4e88ae8ea9e205991c6a4ff0b334444f5828fcd4f:ef17630af724385768aa47b3dd45cd52
Abbot,elit@hotmail.org,6028b1016575ba88c30090af11d450d602e66fed216f33cd8d719d199ed4f7ee:2a52ab6d97e9203442b04c10e5c1c6e6
Maya,lacus@icloud.net,fb37e1f4b54e24cdabf3f82154d05e5c601b422536046b75b7ff21057d11394f:9901389e3bb654bdc47339dd52ea71c0
Hanae,aliquet@google.com,290199337a88173ed9d307cc2a4b991ec24a25c5ef5ac4414dd03f397e83f7b0:ba42306bc830565da975cbf9799582ef
Carolyn,arcu.vel.quam@icloud.com,16ebf48d0abf46b064b9a522503ea84b3e2362b2070b6ad9918e82742eb6a4c9:c861d656042bc8e8e7972a87d11af867
Odette,lorem.eu@outlook.couk,688a6f1e719f20583ba6e71273339c483888ce494fb5ea3eea66b88ff47eb7ab:ea3921e5c216a7c217568376dbf9e73c
Emery,dapibus.gravida.aliquam@yahoo.org,2b8e72f2d3905433dd0b3b7d0922656a04ae56ee7d4f52a9b859b5af86ce72e4:2c9aee2e2c9793864b3011d5e628c454
Grace,curae.donec@outlook.edu,a499a6ffde2b55152fc9eb381d41ce8f1911afc9605f45ee5eb4ec1ad91934c2:a19c5b1f48c886d6a67c45f2035eec25
Louis,eu.ultrices@hotmail.edu,eac3b5bb8f28e4d9cc1c22c0b41e7afc6fb27e6a4d902358b7997521ee7ee539:33c569302ab74bfc3faad80c546a711d
Carl,penatibus.et.magnis@yahoo.edu,6394f5784a92e14d39f898f59c6755cda29d8f7d4c1b96f271c93bc8317fcfd0:77c4d437381e8bacfe72ccb1b033668c
Allistair,et@hotmail.com,3c97aaf603127bce4c265e441d3cefe9fc12fd8aa5f51dad03b681b103322f39:8ba80fa99978debb315816ea10289971
Bevis,risus.donec@outlook.net,acbd1784a153516a6fba6d8931492043a2d995934e0c7fce4875e7db639d5493:b78af313fbd7b0080e9aeec274cd6455
Macon,in.nec.orci@icloud.org,e516990b346d4ad20dbe2e43bbd022aa3d2d7c18057c5375e0ebfb05bfaa8b9d:f4f01b966979a328edd966129b85a2c7
Forrest,laoreet.ipsum.curabitur@protonmail.edu,80c526758eab957ed323e7f1f5a0e871d1664aa8bb17f00644cb14d2299b985d:8ac704db66a987ed4e070d6a64754000
Rooney,diam@icloud.edu,09a7e16aef405ce73745a340dab29a71c5d81faa37911b90419475284ef7de6e:f34564c40f80e72f63e15eabaf2dae1e
Zephr,et@google.com,6eafe1a88aaf67844debdcb592c18cf954899fbb84fb7680f36dcc12d4ee4a8d:688a3984953e713f557e1405c7db2856
Wynne,donec.felis.orci@protonmail.edu,62bb4138bed3e81a0b91a5a7269489c1fd23778a7154b47621c7530c20e66f03:c772c39ef63de56b3b85268c433e886c
Laith,quisque.purus@yahoo.edu,a4737f9982c5296f2a74eb765a00240121b33edd9215f5f1116c331ff49a5241:dbb802224fdc620a7c24f9ee029cc032
Kyla,penatibus.et@hotmail.edu,e1c61d9edf2e39fb0a4b11bdce2ae621d6f287e12ffe9d36a170b7c3ce2d3783:c64d365dc0703f03c17afc11ea3d7d57
Kelly,proin.sed.turpis@yahoo.ca,4177fd206c2efefee380d3e19d892e42efa36dc693f4a2488dd8911db865b18a:d2af43c0baf6196320ec72e4b299946f
Aphrodite,amet.ornare@aol.couk,270d96ab60ec7335b0cd623369d68504ea72a7193b693c73692017ba6eaa245e:d6d1d6e9deee620b7f2e10e7cc8253bd
Germane,aliquet.phasellus@google.couk,d0007cf52155245327f7bdbded5e79da5f4e786836606c8f5a8124a89902d0fc:24e81455bf1aac441cb59940ad3d8d10
Yoshi,tellus.faucibus@outlook.edu,1bf82f1960521a2b5092fc0e10e652efab5f35bd006af5fdda092b3e23f7171b:68dd93d775293ed9e7b1074bd103c6d2
Vera,justo.nec@google.edu,a17062d8bb8d2185c3feac49470d58f2d98e9e79b3893fe1fdd0083c877255e2:9be1967b1ae87a894796757e4914895e
Macey,egestas.ligula.nullam@aol.net,904a9f1350094052c50ed4d49a587271af60d5f5a7d23c3bef934a9f60197f92:5a1784ef8e1d08aa47f81b3e4a76eccc
Mannix,sem.semper@hotmail.com,3f8cbe56a465775106ac9e02d90579aa97bfb18c89d9636e0b251530a28ac0e4:e0297fbe183b3e0557a00257c72b3b1f
Cedric,sapien@yahoo.ca,381b29e34a6615920f6b1db1d5afa860df2ac2f08258cebeeb6f3565d88dec5a:3a219b744855225f30547b735c358156
Darryl,enim.sit@aol.edu,9c9001ddf4cda82b9846bd8c377e0620d4edee42b18afc1333b470e5705f549c:53a3a7c2a1b66a77086137c43a6b8bc5
Harlan,nulla@outlook.ca,91af322dadc91097aaa6d7d21fa07bcef82cf77ff8077505e5b8c4f5944a7c53:622f899ec2eb5a87f01cb3312b91beda
Nola,arcu.vestibulum.ante@protonmail.couk,9ee8107f7cf74af6ec43418bff41f37681e224356e3dcd1618219400381f56a5:89e258a72c2902043ed9123689c8db14
Chester,at@protonmail.ca,6861501ff353fb425d300921a92360cc43dfc5154c8208a92db5f7c44dbaf5d6:3390bf28be6312553cf4f39517bc1ece
September,morbi.tristique@outlook.com,77bcc64cccdc4a38e488d6e4237addb6810297d77b7365d1c6bc81f85d67573a:7a780a548807ee2896addde11403421f
Carson,sem.vitae.aliquam@outlook.ca,c91f4ad2b489590d4e9ecba9d92bcb0a0123e89705bc7ebf7b6b0ca2d62b4aa6:5146cd756fb004f06be38b5809580258
Stone,justo.nec@hotmail.couk,5d55bf558e28f17d35a1124c7bd686be15c74634e1c80b1880f331f3ae9aadaf:5e1f9dfb8da782b59e2b8a837a5cd4b4
Adrienne,vitae@yahoo.net,2fd1111a2b60316abe1a92757e2a66a15107f7fc77f5000eaaf247dff92cd0f8:49e8a0ffd48d130b1540d33b792a5458
Kirby,donec.tempor@icloud.org,8f6da6848a1d79f13743eabc51d1d42148fd90d3e2345049c8efa29e80410a21:7837a5ffb81f5b5c38a3457529658723
Mia,ultrices@google.org,4adbf913b20dd1906d76a5feda095b632de8ac8d4e3edcea77426001cf440c1d:6d222fd48684171b65a19bff4551e0df
Callum,ut.semper@yahoo.edu,b6f271843a5af7e64e21a9a016e21cebffda6b4d12db8d0c2f385b8673930ed8:50bc04195051e7ab43fbe5bb4260940a
Virginia,sed.consequat.auctor@icloud.ca,3e8712b05d85ac7a491b198f928accb50c6c364d9a8c65280da7dd87b733d5f7:eaefca5b602744d23ed20fa21b4936b8
Ignacia,morbi.tristique@yahoo.org,80f2753ee1d3089e02d6c3867f8625dc13d5683077cf9960a6885bd2e097dafe:a60cf1ab810b144fea094bc2c9a57bc6
Hillary,ligula.consectetuer@aol.edu,2845c1ae51eff2e9922cbbc1b4a2ee768151a6442d67d28698935b32516f2cf0:a005fe46bc8b9b32d91dc4c9394a31ec
Quail,sociis.natoque@google.ca,cc3a9bfee108dbfdada339d78b858f370e8ecbee882b2813468f69b6effd107f:7386968682ac1b879624f67be67f1d28
Deirdre,suspendisse.sed@yahoo.net,12fe127df0b914c5939f8a04c377ecd635f5cee1efe06497fed1db1a879a58ce:1e40c4f4830f890cd049746e1c226809
Jacqueline,a.dui@hotmail.org,f6c29ffe7406f845bb408ea506783728b7666910147b97720094d780bdbae5be:10296e04d1bdc61de8d495f701e1e565
Jerry,nonummy.ut.molestie@icloud.org,dd5fa3a96139acdd4142fa854909a3d4956028cfdc0368de735dceb26e1b0b34:32009557464888d30852643dad2a9554
Baker,in.lorem.donec@google.edu,f00ee334b7354dd3c83e694bb21c64c37ad37d46f7d17e36bad61e2515256c58:c24a26cab1e64fa2eeaf20922135c629
Baker,in.lorem.donec@google.edu,6a2b3e6a38b46f4e86c7444e91773f88dfda06776dce303854264440be731641:720bf5ebdd45ec397a2384c4eacb35ac
Guy,luctus@icloud.com,e7e0b2680d56bd325b779efcc0795a068816ca179612a52dd632ace4de2ef58b:f9c1149fb8a374cec6f29e1c00e89389
George,lacus.ut@hotmail.net,6059fcabe05193da8a69ab27e89e02bfc6136945f919668a8610bcfc35767a0f:f6f5991b8e46a6bc840769461d0f0616
Hedda,turpis.egestas@icloud.com,7a512ce50782ad05f5d1570fd283a507f2066d79f62812ee69a7a846f9edcb2d:f1cb2dac243c5433b412210452b419e5
Aimee,a.odio.semper@hotmail.couk,b6c6329e53e4b3387cd288ddcc71c7aceffc9e5a3c59341be84de23b9073c51f:3dedd1bd6388cefb63e2d0ba980820a3
Felicia,suspendisse.eleifend.cras@outlook.com,74b5b81d5883d970360695e99cc68ae68df87dc2a73325da92172e8a3c2d21d4:ba6ae45129f9018524f1a194d8f4b1d2
Lunea,iaculis.lacus@icloud.net,644b4977f11a10e60b4f81684b990cc19bfc41bdcd9b870533763029085f116d:0f06d9823d749c272f7460554b270379
Cameron,dictum.magna@hotmail.ca,93c684e351d1dbfe5179c9c093495b460702c5853bc6ebfbd95100de047061df:ea55426035fe67c7577d2ef8e43ca1e3
Burton,erat@google.ca,de9ffed9b1323e826166993008418e939a0bb464a0380f0d879ada171fcb197e:c797ae0d0de60c891169ac589801053b
Jared,a.dui@aol.net,b484292f717b5a7ac993a5a47e272d07a02807c1cb0c6160ef47a68182b48315:644fdace89dcaca5745d2dacc6acb201
Kareem,ac.metus@icloud.couk,732d3d78e7c5c43e149027b221cb74133ada44fd69cfb5b91753483c09e95aa4:112c8b5cb016f83e564362d3b6be0ff5
Maryam,dis@protonmail.net,f040d59a18d0e5d2c1b1b6f1dfe4d8d53a22475ff7b5fbe0da87b0d19d5327f1:3ea5a9ee3aa78e0a0b7d70fbe804b7bc
Neville,donec.nibh@icloud.ca,5d285158a14e8a2646e46794b0da00683d65227a864a34213f2c00d70bc2bcdf:584fe0a4c2d8d9854145d279b3859d3d
Audrey,vitae@yahoo.edu,6d239fd9478790dfeab4f9dfed028f2c4273be2897d2374cf39539754d3687bd:ba7ac0a0a58e05f27ef648d5e9712ef5
Adele,hendrerit.neque.in@outlook.com,c73eaa668e9f028e957513d0ae44855103f6eed2a65fade60825d36957bb4deb:60044fa059259d5fe3ee9eba4e5efca2
Imelda,cras.dolor@protonmail.com,ec01634e961a4dae28b84f6ff7e2b0ba269e7af0ae907fe7e552f3aca00938b8:f9521bb4d45b10ffb75b2d10f23a8d11
Katell,donec.vitae.erat@outlook.org,983d0d676484a7b85c361995d0cf51ae340405f01db5c82304bbc838757df2eb:46227a70fb7419b067f742214a2a06fd
Chiquita,eu.elit@icloud.net,5dd3ee85b8cf3394cf755f55160292107e86de9d701fcfccdca13971c3d1d375:4e2a0bba05f1b9f65e4e63bbc9448f0b
Evan,suspendisse@google.ca,b5550e3fd20eb98fa40829771a63f42e038ec159ae1f55a06e8a9ed4efc62d93:9953f76bcc9de7c3d0df340746fad043
Libby,nisi.cum.sociis@icloud.org,38576cdee6e26c3a15f7067d97a33fa99726220fb56565dd935912774db90d61:ac6aa451005d13b13c2bff913117fb97
Stella,erat@hotmail.couk,ac3edf69e548feaebec950a90a179f58236c0ef6fd30a77304f7598361270502:9f45a24f21f908477b74110af74a6a52
Sebastian,sit@icloud.edu,fa1843825d3edfd9a3d94ea0d9a4e7c41631c0ab1fac820186ae89fb00569857:022487dba980fac4286f5f742a2cd177
Silas,et@aol.org,7e8686558b86659d30b862cc74550a55b64d892f7781b794578b5494df55c46a:c84aa537c1a41f321d28e839152e019d
Amena,cras.lorem@google.edu,2b3fa3e9242a83397578ea96dad4c92abacc83143892e052ac51d64a2ff11bee:8bca3a4dcb2daed88a4fff9a2d379c71
TaShya,nec.quam@icloud.couk,ae5fb884765637314193bad4c523568cca7bf58110ace91bea789524a524a808:7a4e3bf38104c789e7643b19848b3b0e
Audrey,rhoncus.nullam@hotmail.org,b56bc8ebce8a09d286ca6b63c3c90cd546b05265580c732785243427bc5a30f9:c16f70ada4bb091bff9d1fe316d6e096
Neil,netus.et.malesuada@protonmail.com,7eabcedccacd2a14d7122ab000e098a8685ed4706048df1a626683add04fb4bf:35be3f51ec22baa830f6978741f7c89b
Shannon,interdum.nunc@protonmail.net,70769c5c206f51c76950c79dd97a86012da6f6a6be9fdfb71dd4f099d06ee90a:d4b3b9964ded98ff5852cf7d0eda1c8e
Sybill,ridiculus.mus.proin@yahoo.edu,59fb60f2c4e0c611030b1b903924627b76ad0fa151eca38087e201a74ea43ab5:d5fd2bbb969cddc30a94c963a23cbda4
Dorothy,semper.pretium.neque@hotmail.net,6fe6ad6da8f509bc797af56a46b859e5b8fd26bdfc4cf1d7fa6fb58ffe8995b6:c5a0b675174caa0e49b4878b513cdac4
Ori,lectus.nullam@google.ca,3f09ab55d8fba92bc0e58ff036fd4efa698bf07332949900043aec0906277677:a00c4f352e83d63abccf85f19b169147
Steven,quisque@protonmail.com,734c2f5b37d93e29439c776f5987c30336b091b1fc48be99a96fc9788c2cfc1e:451a575136150bb03b82ee6af9c8ca32
Chava,egestas@hotmail.org,a79f44956874e7fb374e9485448b171904c882a4aa587924d06142906193c57c:7090de43af7c345f8dc7bf89f72b9b1d
Simone,aliquam.auctor.velit@outlook.ca,24ae3ab9bb6691fc0f1a2b0de55435acd146b809c81071a1c5c9d008ca86b896:6d6e680f70f3dd69e2beb2a8094eb9d5
Carson,dictum.eu@yahoo.org,0292b3fcab84b50e667aacc3a1df0a5aeac5005c206bf43035c948e8e4d9d282:d4fbea8dc0844c0400489745c5caf013
Lee,non.enim.commodo@hotmail.ca,2599d8501fe20e54c61cdd8c65c4151f692d2560277ee1769781a7c0006eac25:ec77cccdc86758f3d454345b63a3e367
Lucy,eget.metus@protonmail.com,5833a7ff9678674a43db58e78c1eccfa3cd351b3c1fcb5fc877df40b96d1d8eb:0ddb25f2addfbbfb21d5caa0ce282b48
Phoebe,cursus@hotmail.ca,f98ad56260ab1fb79c98a396a1cd65dc76e064e5b516621c0966de17af38b28b:583aed08a03c4aec23e21c0e568053f2
Chastity,non.vestibulum@google.com,b0444f988e0b8150061da91eaacf80103cb66c5de59a1e503ae768518c8146f6:3a0c382252090382d90455ce084fda5d
Dacey,dui.lectus@protonmail.net,b62b807480be3917219471de575111cc85b0a70d53dc1824883d139edb4f25cc:cdb84aea5fdec7af5fd4339931afdd24
Sydney,vitae.velit.egestas@hotmail.org,5a5ab55daefdbba805525a7221c8091abce9a761a7e84c1828ea70a9e9df2bae:55c113d527b42e95823f6f2b5d5fc0f0
Deirdre,purus.duis@google.net,8876f9790511cc538c478108070954382b3c479206df98998ab871ed64c58c98:03fbe2e788bde03f6698a75106589817
Jonah,mus@google.org,e0b9ea619ed0d60096443b17b72160b7eaeaddfcb282ea336e2ddf460ff685e3:ec29ca02e49f9ff7a15187ea25f31506
Signe,praesent.luctus@google.net,fb06eeb7c1f6d92204ffdc855fb7eaf16cdeb31499d8c2f7d4e50b96d3fc4edf:12d86efc84c62d0d1da9728abcf95cd4
Athena,feugiat@google.com,918e0b357a87ca177f88f6e4df0bbbbd52a31502f834f19f12cc62b37ff7d31a:ee5b3ae4ea6d7f5b1c1bf091202d4633
Lani,metus@protonmail.ca,9164004a672cb58c9d68278d54ee26c2401ca0f3b34b047a7f5c890909900efb:72479f0bb6e689a694e61d018ff7a83b
Griffin,libero.dui@aol.net,348ab4e7226457e379989144fc0df41acc791b6a87c70c621a4ae394ce4d7900:e05af45c4d527ad5edadadaef40b7bdd
Clayton,adipiscing.lobortis@hotmail.com,ccc95a6f1d2c7a0ffae89d89a34bdba459d53dc2336e84506976fee98f1c8d0c:723f96b1f6854a1f37f6cae20a657723
Jonas,iaculis.odio@outlook.ca,a9efd3418445f9e1ed319978dda1bb9e00ecead9e1480374dba47d09e018cfd4:d9b6fef06e6eacaaf480df3c1fa5c838
Harding,volutpat.nulla@outlook.com,92dbea233d43b0844cb9d12b2df7d10ab2b59f49fddfe9f37ed1ebcf3be4b1e9:328ae417eb112e70fec07a01d4e6bc6a
Selma,aliquam@google.com,1a1369e50969b4a377b5eb322e8057df98659ca91e5aa5dfd5689acf562e0f07:c002152ad5e6333f43e0fe97fdeddfd4
Guinevere,eu.ligula@protonmail.couk,7ca9a2dccc870ca6fc43426eb8da223451dd3f606e4c96e181e7e98a283bd5ed:23184cbdcc4797378ce346599190a044
Madeson,ultrices@aol.net,c6468cf3f2d9bd0e790f4a7907ca12dc990164d53461719b12c14a4aa8fd7c67:f2e8025b24df7ed1bf623d96a1d7b91a
Astra,accumsan.sed@google.net,627ca0f4961d42b3cff140ea1e836f49852f261987ebe066dbb73c4b10ce5e3a:e486027236cd76073e05dd8d765a7cb8
Frances,facilisi.sed@aol.com,0ea1b2f723b2e73627391b1ba5c3c0d2a1444116b3fcb848e053e1599bd4aa3f:a54287e5de0299be94dae7e904ba8335
Fuller,sed.tortor@outlook.couk,c728e81d19615799beec68253fe68e3f60758230d6fde21093c10bbfad6387ac:68ec168f987d3021fa9989e5345d6859
Harlan,nonummy.ipsum@yahoo.com,86d2e85a6801bf4ff35e18d00bd04be26524270c39fbcfe1997ee0dbc2edcd80:194516d2590322a4d3ae8d71b700693a
Idona,enim.condimentum@protonmail.net,51c821edadb093a7cc15fe703221115843f891283764ff5d21261ebf2b0db5bf:c3ca6388cdf0ce65a292c5620448e575
Carter,consectetuer.mauris@google.net,b003c1f6dc4ab81b4e30141dad4628aad3aa2d655bb1ec945f219037a2c9d3e9:a5d8b9ebf9778f35d92727e117e12d41
Gavin,laoreet.ipsum@google.ca,a30210a2b39a017d5f9a80b735b5e22eff63ddc5cfd975e6a764592cc3cf0aa4:2a28c771a2a389152da88ab457050eab
Vera,elit.curabitur@google.ca,8786ecda629eda8e798582d691b3b188c30aec3b2e39133a2beea07b47ced5c3:b76ad5d162948349c393ee3b879c8227
Anika,orci.lobortis.augue@icloud.com,10f33a56415f3678746f0528f9efb3305187d9f480c0a45b812d728230c36e38:fa0378f1c1abb791372f574742bfc137
Josephine,adipiscing.fringilla@protonmail.ca,3d198dee8123f5eedb58699b4ddbad8365b30425b615be9ec167dfd1fdad9532:c88df5f41942c91c98909e7068343590
Lisandra,proin.vel@icloud.couk,4d2ccc687902ea4c7828f86ce644447cb6ef3baeb9a7558c368d06090bad531c:a59acab184c231894381c6826df3f0eb
Dustin,mauris@hotmail.couk,5c4da6f5803675d3dbefbf13563230d441769bfd74a278c110b9cad3a529501b:abc9b10c159ffd57b8a34c4b78a2798d
Demetria,ligula.aenean@yahoo.ca,b21bc37922bef2b497543823d657518ef25f1a17c4365afbf567599a104e6ea1:7e8b10e8df5e2b4316de57440a8af628
Wade,suspendisse.tristique@yahoo.com,eb101b4e0e05295571e96e8baa4be591bb94d5f0b5ea720042a08a02e12e68f7:ac77cdc83ca70ef78afb3ec46e686147
Darius,mauris.erat@aol.couk,0d455be5881f2239a17b6051314baf33e23b5dcbbe01fcb80d4c77b874333c79:f465a692a99a80194c712968f67c8000
Wallace,natoque.penatibus.et@outlook.couk,924abb0621824f5419b5b9fef612aeae56a30490dd471031c726c6f5af19ca43:bc117059e07bf40b0ba1904e1b2fc01d
Ayanna,volutpat.nulla@google.com,a0074b2d5b5f076cc68d31f2adcc2ab3044ae3c99e649b9feb17c0b60933c8d9:dca150bbf3abcf32f13b22b24cb42dae
Simon,nec.leo@outlook.ca,1f733c9ceb15ff2ad80106840bb2e60fd76f6183545b54ede491fcd209002716:867bd324905b0f9a56a1761ffefc83ed
Burton,est.nunc@icloud.ca,74bbc41dd4eaf6439546ffa64cef2c8531291eae06026d8a94ef0c02cf2d9236:b997e9de159a24f37f1b2a6a07042a71
Beck,ipsum.curabitur.consequat@yahoo.edu,b3f6c424399787438f967b49b867cfa5a0c7d51210e5c8edc2bd3b1cd0ffff55:e71dcd979d8f04f464614d22388167a4
Uta,ut.odio@aol.edu,16c05be246cfcf4fd4c416f14539bb6c97aa9dc9c11d64cee2b2955c439e3ea8:75b355a5dd706e7e268d7a0a2f02ba9a
Moses,eros.non.enim@icloud.org,02649ceb47b5711f572a56479d5a9275373a8eab45a9f75aa6b6fb091e6ddb5d:932c39aac350578b66313ed65e5c5609
Hiroko,egestas.aliquam.nec@protonmail.org,90afadf1d08a3949948284eac8a04a4748c7a745c9872cccc334dade5462c469:067dd90ced16f88507795f30e76a2673
Merritt,arcu.ac@google.org,770b9f0df7bf054f85121de5d339eba5e5ec5b3ef0a24f5e84e3cfac2523d341:704808d7c196555193838722095f4d6c
Rama,nec.ligula@yahoo.couk,18c19416364e1b87a1891532d1f9c3181baf5ebf0c3747a9f62d9430ded7e59a:1c42c6f2fbb8bd66fefd6f328c40e337
Angelica,ante@outlook.net,87b26d645208e567931a76a0cd86af77f5c0f37f26ffb389d0aac3e96e152456:0de251d96a8fd0c246e307677638f775
Jeremy,curabitur.consequat@outlook.com,f67de39c0d091172048414fc1b41091114ad37f28d696f9f01e4467d8d4e464e:f967711d1a510ea6223cbfc71971a854
Lance,urna.et@hotmail.com,700923537098dd2cfe60097436b585e6a644220373bcbf01984a4cd55991a7d4:e703ed7534cacf58676e385182534ff7
Mary,et.magnis.dis@outlook.couk,f23434de4d82dd3d9d058e192099d31326a461b86040ef270732eb626548e472:39a67e75735c9b8aba7952ac912d063b
Shelley,interdum.nunc.sollicitudin@aol.edu,292ebf239ce0701648af80d4b200852f1bfa22ed8ae0d13ffa49d6611343165a:925d9efade015d4bcbd5674e1541599e
Colorado,sem.consequat@icloud.couk,8a3b9a8cf47df96c0b9607c41de58702e208cbbe9eb3d36219129e81173b0777:9e3cd28c006180825a31eda3c17d115e
Fleur,tempor.est.ac@outlook.couk,75e8758bac7f575e22fbb1aa47cddf3f86a21ba42ee99c659fa0aaf1a6b788c6:d9e79ecfd9cd468121cc9456ef9c9ba3
Brandon,arcu.ac.orci@icloud.couk,3af3fc4c7c9f9ff51912c248526cb65e1fc04938e2d10629a83bc8e1c81775d1:f040297b315749d9d698cde1adfa652a
September,sit.amet@outlook.org,5638ea8a8afbe6608fd8b273a3885ad3cc9047c4dc08350a5b1f3a71d4aae1c8:daa4afb0084cc34e196be5d553d2f5ed
Rinah,et.netus.et@icloud.net,6a400223fb73b1d806707e023e99b7005d4fbc7b88a0d21d28ae8aa7b099a497:117074bcaa7d5970250690e7e58e5bb6
Wayne,felis.nulla.tempor@yahoo.net,0d147b4be0686fa9aac4717ae214123db588e46e2fbc95965f72cab7a26953b9:4d59feb34b4a1616ba58960df4494959
Joel,amet.massa@google.org,83f034c748136215f000f8e21fe3dc6d3487bfc27efcad81b1f2ad9e5c4bb2d5:482879ab6585a0336de05226fac8d3c2
Astra,purus.accumsan@outlook.org,1e56afd471befd3c8dc36547716c58c7d8270bc91531ef772e4f2e58b7c66125:d963cededc9dde96ba39170c16157842
Grant,lacus.cras@google.edu,e811e5cc660db9a4ac6b0f5f49ae67d4d0a30b3066cd366d2ab3b44f5f880d64:cf63c2b3039a652e29e03c390f31bf78
Alma,nibh@aol.couk,35a12ffcd2f3ced923424fb902e4b254db81e12ca9d1f7b85dc950bd45f20436:a63c15746caf30464906731c098addb3
Kirsten,tempor.arcu.vestibulum@yahoo.org,dd2b2239261cffd34fa874e5cf6303162bd8df7f6e9ec1d0f837c6d990435a4b:60631fb3c0df9c212f58e7cc07ff48f9
Addison,nulla.at.sem@aol.couk,625298fe6364725552186f3563d904a7f18e72d1482091833e81596303c0d9e1:f2bf70fb9e59c1def50f5c5bc390fd98
Colin,nunc@aol.couk,9cc08d7f61c84653e7bf7fcf2a0375c1323efc050bcd6f157ac150cc2ca9eee5:3a0c040e41f83d6f2eb6ea54700f6f7b
Quinlan,nunc.lectus@outlook.net,cbc76594c4bdb16d9531dfe821534c3f32256ddfc55a6e1b6663e606564216e9:baf7da4813c2bd8dd9a204dc9027ee27
Briar,dolor.nulla.semper@protonmail.edu,80dbc0c7bf031fb12730ab89f34652aeb8882f333025f7a1da1be2d6730cba58:36288b4b0591bd5e9b76da96cc5745cb
Noelani,lobortis.augue.scelerisque@yahoo.net,f3539625db490506a12063a5ec2caabaaf268cfbee3162539e566a2442764416:eef00e803580eaf1a3f20ba52bc40bc5
Colette,lacinia.mattis.integer@yahoo.org,c1ff4768553303ed5472c82d56ba5cd2a8ef61d5efb79d60cbcf455ac8f40337:8543fce9b06b1bdcf00ef1e46a267b7b
Ezra,pharetra.sed.hendrerit@icloud.com,ce065d122a0d3095caeac2fbb6bf9878ee82576a2d7d09db807b45fb8ed34ebb:a65969688d19a2c02ceaee168d23cdf3
Dara,vitae.velit.egestas@icloud.org,49fb8eb30ea05c9b505182ffed8fa2d2e338aad50b16687bc7b056aa6e515582:0c3e37fa0952a1e9128e7ffed88bf9c8
Joseph,enim.nunc@aol.couk,163badee3f7c661a21e77737bc0f26aa1a37db694327d077cb8ce12e2803695f:383293391fede67716750ad39fc30343
Lamar,habitant.morbi@aol.org,8e3840cf261a5c9c39f44e150aca73d279fea6906b9333093f044a26b6fdfc3d:0179a8115ea5f3fefab5f70391c9e467
Audra,orci.sem@google.ca,40e0acaaddf0f0315ee5ad14743cb4e8e5ed42bca1f7e57e6d82001826916445:c54eb5966c7972c3a78680b104c2146f
Audra,per@google.ca,0b427576115b77e28a2e3fab5aa372178c5f27370d57842a997a906eae7feaad:a99302c2ad61a3135bb70d636c0d1dd6
Tyrone,id.magna@protonmail.edu,6e0bd13c1ac2e28cb3409ad3689cb98ddf8001e50644c244b4c518735bc5205a:3deb6458be1159ad6dfe7bddc3e703a9
Barrett,amet.nulla@hotmail.ca,b35cf9c07021ec30a855385eff79906651cd390ae5dcf1ff7302500d1e5b7626:0024a1394384306e70983a5c85af862a
Alika,donec@icloud.couk,8961360dcd5146837355c1884715319c1454d49a4211d0b60e969609d020d9f1:6e7e9e3fb251063c24cebc77d3c80fb2
Charles,rutrum@yahoo.com,e3c0a6f8b564314319b421d43099faf04f9ad83fec32458808d0b743d49130fd:83b19a5f61630b3083157fc831dc92d6
Jana,orci.donec@google.couk,9964618c0c7bed305a47d721ded591b1f4e00062d0db74fd4c59a5aaa966165e:0e0b62767da7db4cab615d5fd8b18f2a
Andrew,velit.aliquam.nisl@icloud.com,061b27a90166f1d78997bdd116826fce0c85c3008a764b624ae077d19637d7ea:40e9597ebeb247e675f72c8370210616
Claire,dignissim.maecenas@outlook.couk,a6329485ad1701536401d5955635fe00204210ecaf052b914e585c73144f06dd:482cec7043417861b5f2f43898276555
Eagan,molestie.sed@hotmail.edu,9154c305ef90f2cc49bc9038853eac59cdc3ba7b3000ab3fad47ecb0c44c5e6f:31acb651ea7130b311ae00aec166001a
Ethan,a.odio@outlook.ca,e93e03acc82cd9e1359588c342b86944b5f1266b7cfd498a483ba83a75220e16:a0ede8f929d58380a7b867ece6cf964d
Uma,sociis.natoque.penatibus@yahoo.edu,58148177e61693e3c1b73960c77ad815a2eed9f09d862be2cf8c64273e2ff043:8156c2b012e82d106d651669a1877f40
Glenna,massa@yahoo.org,53be15565a9a76d224bd11e1e17ff944daa2db3abc4445e0ebb496e02e85f05f:adb040cbfd119460331bede3f9b9af6f
Lucian,mauris.ut@outlook.net,8bcbf55f9c1f762039d3c56286cb8e27973f6fd2281780590516e70ff92b2ec6:899f71220bcc80161de55aa51290a1f2
Raven,phasellus.ornare@google.edu,8bac6379f3410579f7731826e3eb181e7fd47782248e7f5bb4215eefa4b731c2:38dca2f5c5f4f05c40abb8dedfb03221
Colin,nunc@hotmail.ca,01d8b9f1517ccddfc36feb7abc3447ee86582ea658aae01764109a12131a5e3c:b20c3ee81b3b752470d4220f9ae9fa94
Olga,integer@hotmail.couk,43eadfbcdd302c9a477ae32ca1be1991afd662b649127f4b26639c5913553895:14c6e0ae66dae3d2cdd9a4b71c5ee25b
Lev,amet.ante@aol.couk,fa9e92439b7db9b53a62c2dd8bc28b0b9094ac044cccdc24b288e8d2396cd987:c8dc57dab9302445fa27286df6bcc245
Hoyt,per@yahoo.couk,3ff7836fddc78aaf03700f2ad41f043988548d2f5481dbbfe220ef6a7fb730c2:60c312bc65eec2055612dd163ac674c0
Paki,at.velit.cras@hotmail.edu,fd417842c490be4a509657810a7ecff945ec43c7f58ee3f6c247621c8ce3f7eb:b5f1775153de07670bb699bdf544168d
Eaton,auctor.vitae@aol.edu,b421c030432fcc9e19b17f62e1a7635e1e2ef9ce03a9ead9d4be35978368c732:ea4528433f39d055cf5ef03f34beb97d
Chase,suscipit.nonummy@google.com,3f2d6de892a2da5f741c5856ee7e28cb7ba06eb965dd59dd12c090bfc73216a8:fe875b6b82f3c5628c5b66c0591c14a9
Armand,consequat.nec@icloud.edu,4dbaa7761f788f25829bb3992008341c028822458b80539b30effc82df825498:5c8780374e93f1daf1fdb4236b26b369
Keegan,adipiscing.lobortis@protonmail.edu,a23392222f31183f59f09154d14af06421b32d81b2290303968d63935808d395:5f8bb3c6ddac743c169aac2c81d2ee62
Yen,dui.nec.tempus@yahoo.org,a8871005eca2d1195a27e4564d491239ab7ac2bc52406f6d127504be9f287efc:86778eb48f9abb1598c23dfb4041d884
Shelley,suspendisse.eleifend@google.ca,10db578a8ec6f09615ef12444a77f6da5696545b5f259f292cadb8dec64de390:8553219cd8c25d93ba36f57f09a3b36f
Dara,praesent.luctus.curabitur@outlook.edu,bf569da51b07e78262bdd8fe5ec61254d174f77342c8e3fc15146398e0340921:da8941d1a008c08dc2cd0909c70c3abd
Tyler,duis.volutpat@yahoo.edu,3d9c8f3862820c91dbdac7fe2fc89e3184104da2ecd620f51f4d2d92497b7ce4:2b9b23ce43ec70d17a75a9f167a4b57c
Martena,inceptos@google.edu,dd93396cbaeba390b640607b4b5e69187e8c0e128769e00d098af2cc40fbd40a:b8753ed89c7f0a4d258f820ddcd566fe
Glenna,etiam@outlook.edu,60945c456240b8566f46d1377f4adbd9785bf0c43ee82b245eac56b65389a7cf:31449fbab3a52091ccefaa3a0636eeaa
Thaddeus,condimentum.donec.at@yahoo.org,6d728bbd562d332b00a8b3412d8ec6d53bcb533b0e3e29f6a1298befdfae4eab:b8aa8459b75d2f5eb35f3805944c34e1
Mufutau,cum.sociis@icloud.com,d37c38aa2fb67f248937be03eaf5768dd9883eb56ca4f998af266baf339b0151:7c3e02d09d59874b638b9383db4053ac
Baxter,fermentum@aol.edu,0d99fffcf53b834452e05e710bbcbf471f9b7a72e4bd70853750f09b81c06480:a6824af34b6b3d8a3e4389b579aa3498
Alec,diam.nunc@outlook.couk,af472994a884516e5b1e8480576b823b55a17f4c7270c8f52b8fa02729a894d5:9a9f75b6ffa494d0540cf3b4535c5920
Clayton,vel.nisl@yahoo.ca,a5bc19f907a6b358bfd5f35d1ac975a4dae6a00d49b90eb128f711eeffb375fe:bf1033943636c3beaf3f8a1e277f4a70
Jayme,libero.morbi@yahoo.org,9ad36752f5017639d1b95b7e947693991234337066215e108d6b4d347d899e21:9e8374e71c183b81689a4232914feda5
Cassandra,condimentum@protonmail.org,6098c7a4fe47601e196079dece748fb17d4655dd67083266ce3a58fa9e5d8f2d:39f173aa94b0750e423633c7eb6df458
Charles,amet@icloud.org,2ab4daaa8bc97e3a9c58af960c6bda5323fbee0de28729484033f88b1a4d1070:34363a97a3ddc43da7a9cca6fc2b3ebf
Malachi,ornare.facilisis@yahoo.edu,b32df22f9c8d44f0035cc61f1da0a2775e545e442b2a057e2e40a65625033b77:fc40dd843db7f8176c6ec95935c41387
Dante,non.quam.pellentesque@outlook.net,cba3aaa48dfc3dabd96bef48feb4e2e06772029ebdc036180f3c986db2bf980f:3bea26cab5c57acc06ca43f927558005
Christopher,neque.in@icloud.org,3b8b091c48336857282c44c4d9ac6a5b851f56fb86fcc77876d40f7c4d71b612:81bf65fb1b7e2afe61ca9a22654e7a2e
Yoko,vel.quam.dignissim@yahoo.couk,999a8871108c080a11fbc55f342d95819adf5329a4a8f2522745c91b2f23ff00:5ba60d4a2f688f76da6a42bf0f1cbd0b
Lee,sed.turpis@icloud.org,2036c9fe5eb1ef39da4ab4f36a4f0bd6d2dc12ade19a94e1004593bcd00f7216:1bfcc46edf01e262806d2fe3becb1abd
Lamar,vel.arcu@outlook.org,bb2ff756b5ef113e78bd92644ec96b41a6c3c6b48fdb6ef6538c99fb5544ed07:4b93704a482d26270f222990c7512403
Darrel,enim.nisl@yahoo.org,7c72d3885507e1fda8eca90f3b59fd0e059b92769404da67339b82368cab63f4:6e7f32b195adfb0235ad9b851ec321da
Olympia,porttitor.interdum@aol.edu,2f082753293f896563fddabc19d6bc915de85f753ce7efff67d68445099e2b05:7ea36a92da51deaed0ee3d7d4d8f3cfb
Fletcher,nec@hotmail.com,7b6e93129e86d4af546b459cc5be9d9a29147872de6723d19031b45eaaebc1f9:e1ffb5ce8e8a5c14a69c1715589960a6
Nita,pharetra.quisque.ac@protonmail.com,0303388515a3bb2adce5b0552d72c38a5184730293cbbe51dcecc72f4de638de:d5e0c0a7f995353442504a26455ba4e3
Amir,etiam.vestibulum@outlook.ca,de7b87f0c4d8ef1ba55dd2b1e5594109e5c2dffe00c60e489e6b7f0f835bf841:01760a5d11f4f2d4a9ba671c4df9d04a
Carl,taciti.sociosqu@aol.com,8509870621e47471bb46a24fb7f433045e9c443f6134232b885e54a0d7c04439:6b66881370066f08e602e2bbf8a18b3f
Honorato,id.ante@google.org,883aaa8c2fff0f2f215a9fd699bb10762f4e63799c0b1ca37eb9e094c69fd5b7:346adbbfddc5e7d3f513d3b73fea6696
Slade,dui.suspendisse.ac@google.org,c54f855fdad4a4cd6a31e55e517067239d445b53766eb1cb2a00baaec62d29e1:8ab72ce9222c37e98bc0510055348d27
Philip,nec.enim@aol.couk,efbe50a2b7665148be5510666852f0bc943280a205e3ae88fd2812ffa44c38d7:8bd2bea654b7c1054f63f3d76c715904
Halla,cum.sociis@yahoo.edu,5668597181fe73af2d09a7825c8f8670c590d53497b2509ea09f555c0a29f545:8b25e69cbf397b70fc7b9e6a1af8915f
Zeus,tristique@icloud.org,b2f1d99a736f463aa5b9c1853cebc59f6bd01236c247245203e762904193210e:318cb83ffade5a671de2e1ef6d792cd1
Hanna,ornare@yahoo.com,3bee0b68b0856776c9ad2e55a3e4109eeaa29f4f23cab66579695b26e54b1f41:be5458d349036e9cafc5c3f1881fd345
Denise,ac.arcu@yahoo.net,4bbc3f2ea9bf88536104435ce2502d700d65779c8fe2f374a9e925d498b860b3:5a7dff619400760c6a5ee817948b7b92
Gregory,sapien.molestie@aol.com,1beafdd1af16211fec2fe351ba3b979bc4e2ef8d73f8a4b3ba2632133dabc28f:22ad714e7171c174da4d48616543dcad
Macaulay,diam.at@google.org,396b42c0b0b5fce71c8c995a9cb94484639b47a0e658bfc06c459f43e43551ca:9b1ec022aa11bf4af0461a08de5f4c38
Cailin,tincidunt@google.com,6fd32600662ab2a78afcbbba23d77ccdd4c108ed82cbb0e91b0a22438ab2e7e2:ea3c74367fcde9d010dbbed111c2da4f
Giacomo,molestie@google.com,9940ce5c915a0f424c849efd1a832a9231e969fde1c4fbe6688a5fb8ca4f7654:4917d8f1aaac85fe984596e6d59b15b5
Aladdin,ipsum@yahoo.com,febedc336bb0abd46596d08b91c40f781daa5bded07d1899cd9c71ccd6e4890f:494f9aadde167e46d58f8f4a3ef104a6
Claudia,nec@protonmail.edu,526d3c05b69e73f61b9c126b2090e3aeb5af593d3ed8386c1bb81bcef4afbb48:dc4aa9614503e54707df3e1471be6a10
Grady,tincidunt@icloud.couk,03dff6886300ba3ce171d8a1aa70fef9c69adfaa5fe37364ae73a0f7ad46ddf8:7a67805e72c9c090fec28989318b5e1c
Victoria,primis.in@hotmail.couk,f342a683a02e052592a0fcc16c4ccfea5dee469dbd4c92786e64caa0372285fd:9a3d0e4048ae9e2cf14a2841d7b9ea3d
Channing,pellentesque.tellus@icloud.com,1008ee9cf631ed57115aad0030bc0572570ed5043e3ac0c7c7abd6a8d3a68bf9:803497d028309dffe9c0dd85828a7396
Emma,rutrum.eu@google.ca,93a3e92b96e134a37e41314392010681601ad62093f0df14a8789b1df092946b:556614af3ea1df50dde4e65044327a9f
Buffy,erat@icloud.couk,412b42dc9ba0a9c1da601f53e4551867199ecf5bee1227b90fd243d902accb77:0a225387d2449ac8c118a03ccf0eef29
Xanthus,proin.mi@aol.couk,111db8beb433f2ebefb191c59ee451cfcef4d0065806b93f0f5939d8726b0436:fa715fd48c03ec9edf079d8cfa3bddb4
Judith,erat.etiam@icloud.com,35ff07fd53c37b9981727382cbda30c5abadfd38ec4264111f4da161c1a13798:ed229583a80b5335d5b87226cf94ab42
Devin,eu.ligula.aenean@google.org,677fc2e7c1141bd5fc3bf6b5ebfa56105eca68d8b6d707efaa798e863b613b36:323a5373d963c9cf848d73a22e57b85a
Plato,ac.feugiat.non@aol.edu,15a25d653af48996400ed2492b0d562234b0a71c72186009bf90f670f489d162:6f7c6cde40db72ccaf8ac4bcf82c7a81
Noelani,nunc.mauris.sapien@protonmail.ca,a44cda778e1d7a7a6d1a2592810d39bf7a58e9d99c63493c84034c8ac46c8f03:a93f8352aed7677eb1c56e5475918277
Otto,nisi.magna@icloud.net,25e2d0fb3ca97d3344c63fb5b3fa0726e76eddd0bdcf4e230ae3e88b7a9e307a:b40989f7997dc69c052ca6033544db39
Karina,ornare.facilisis@hotmail.com,efb34aac1ee88045015b1b75a99960e5ceda30379189c53a68be2884a923d527:510ce8c73f12b00849ba4a7c5f8bcd1f
Brent,scelerisque.mollis@protonmail.ca,d42c80dbda4dd56826f874dd20ee56b5ee4b903df8efb71c4e43f863a626a4c3:14a8165dca315c7249b952872a3bc270
Giacomo,natoque.penatibus@outlook.edu,05414a6677b6431bee5e26ee1a956d68e39f6815b09e0c406fb556201d74e49b:da1bfc34e3724ed52edc9c4ccb74c9a5
Odessa,interdum.nunc@hotmail.edu,e8d87703e3191a36acc0eb70061431f43911f45dc4cb4df7e7c90c96c7000759:038be9fcff162b5c8be2d19462ea7b01
Lacota,a@icloud.org,2dd747cec8e26cba1a5938c2ab38bbf045313f3fd18a0e8039f3207db1a0f639:e1b0d42d8724665697bb7f25b5963599
Nerea,consectetuer.adipiscing@aol.org,84f1d62c47fe6d631d5d9365f03acbef4a1c3257452856c7d2c9a54c7fc5fd8e:e2c076eed9a179aee8ed4afbe9b16f4c
Price,suspendisse.commodo@google.net,163d5d71a3f9a3c8b81c4c726b47abde78b1edf629e1e8097605bc8a333b539c:ed4923d63cc869522cf9a9a2ca0bb94f
Jenette,orci.donec@yahoo.ca,511f68b74c016a6692008893433b968c7f71b565a6b5c3148cc21f83c703befc:54a2812be3f378ab64cf7db3b1b00984
Omar,ridiculus.mus.donec@google.couk,f0ce49a710babd847ec658e56473006019b56578ebc6214072163e4005075b28:0518fdb897b10681af968798401f65c3
Hermione,volutpat.ornare@yahoo.net,2a269fc4ec15a9134b16d42d7b8895c27a94be53a9a789b47cb56a3f17410377:363bc9ea2732ece0caaaff01cc78edfa
Amethyst,donec.est@protonmail.edu,3d5d4b35194db79c84ffb085249337e876c58e44f05b54cc16e5b5ec4aac1bc0:8b02e34c6c318f7b03da74c551a54de9
Alfreda,sagittis.felis@outlook.net,2003ed8da0d459e819b7afdfb1163e7e00185170e738221e7b1e529ad249e97a:4ca737885c96ec0421f0cd88e6e52a5b
Shelly,enim.etiam@icloud.edu,eed51b9bfd7fbedf0315ce4d96973fe952fda12bce431ea74b96b052803bc2d9:b3356e209456efda6479e8062b4924d4
Keelie,elit.aliquam@protonmail.couk,67f2957adf818fe1960058133b5ea0f20189299e4df8fa7b77b7d0e3973d273b:4b69428bad4a235bee63065e062c0dac
Elijah,quam.curabitur.vel@protonmail.ca,737105a081ae9c193ac8349b7d1fe3e4104f625a173f14f82b9702af24bebddf:d33c4aef154faa2fee1df24abdaee3b2
Elliott,ornare.placerat@outlook.couk,f5965af430bac5d6db260f948e0ac7ac4387a61b149eb4b1bc3b4187a5011653:a5974398b34737d260da5087aa61caeb
Haley,at.augue.id@outlook.org,b339564d369013fdd3f6402166610c5bdbf0d7b1938ee553c879e65978217e44:63fa1e4066b82449097e15a53f2d356f
Brett,et.nunc@hotmail.edu,fa82cb8b983ff616aec56a076b23cae53cb9321ed52cded8f5c7d64051da83ac:1c34effe09e86fde2b1a31bb34deae28
Wade,feugiat.nec@hotmail.ca,155d6a7f3070ba4b13bf5613dae087a77f7608f7ac7a8ca3a04d422780b38409:f5a7c555ce4250d5f3dbe1b545336f1f
Paloma,aliquam@protonmail.ca,65ec5010f73715688ff04dee672f01312053b3b9402776ba71b8ecaf84eecf5a:c0bb27673a73f714a11869c7c560bf97
Bree,molestie.tellus.aenean@outlook.com,d1e51b922ddb360914f2eb0414ab4fdfe2ef206f041fcbc4ef1d1a2b2954b5f6:4db4fe5bd745d88fa3ce13bcd52dd6ad
Raven,phasellus.in.felis@icloud.com,3d3562a35166396f0d5dc7ef3d89ad5eefa2520f319c60406e0ee5ff16ea6b89:3745b176b2b59ca1b1087a57301cdd13
Rose,nisi.mauris.nulla@hotmail.ca,32d1cfbe6cc6c77953f64397501ace62db119fd1344a15ffe7ce7d094bb8bb4c:db42e92efe40d81b6344026be42ca886
Melanie,mauris.quis@protonmail.net,24074b3f183eb2c74c696d676029631c4c889a51c2ad3481309a319c1e0874f4:d837fc72da089d352f99929513044132
Elijah,hendrerit.id@yahoo.net,0d736e5a15a343965cb94d17991eb3dccb1c9af6b3578df356811352190c6df3:828248439586c98f4b71d4c99a365077
Maggie,enim@hotmail.org,ae84ef2d97b7b17ad87d8cc0ef6bf579f33e1e182538e1cb058bf2d10c024ad2:052e0a46baf12a19124bb4e2fe6d3201
Jonas,ultrices.posuere.cubilia@yahoo.com,0d3e550ef55afab7b204776ac815444a995b5d657f7f700681701eb27ff02e82:4c1b1fb1b03c07587dec1d480fdaf358
Garth,mi.eleifend.egestas@google.org,fc5b83ccadadd7c58842125ad92f3297e782185aa7cd29e724f234a96d12d137:9352dd12ae41e7fa3295f7a9f3fdbf26
Christian,ipsum.dolor@google.net,8eda9f190aef16a07fa9adc094b272166b3f654352b58dd275db057e7b29c661:02c0c0b56a65feba5904deb277735722
Lana,imperdiet@protonmail.couk,d247bcd7ec8a513fd076d820b9b424e6a641af5f2187753e27dc16cc563d2bc0:c2be79b2a88401d5ab746a1f1f77e925
Kato,risus.duis@hotmail.com,92f81d1982b1df43e1e6721d7372bc20e4ef919ef6b0f62a0390d3120dd7ff4a:ff6dc3308c7276542075b5f38ddba4cb
Oscar,fusce.dolor@aol.org,0f80575a663e1aee6cef34e1ce3bad68673011d20980aa2dbee54eccb0bdadf9:63074d2c27ff36ee9aa54dc4f0fc4e0c
Belle,in.magna@outlook.net,ef7e24b936b5456be10b7931be0eb675b7e33c15b1282437d5c3c81fe874ef5d:842d96c65634df822f06113294882495
Zelda,ac.metus@aol.edu,850c97403b304d7fa52406e1977444f5fb00bbc46cd9e20a91d271d7aa6a74c2:2d1de8c2c152b37209c6230ca0b56d96
Hector,est@yahoo.org,ee4b0cc43e87d368c5495956c3831b1e4aba1b0add4c1f220e703109bb359539:cfc3f552a464ddb47b92ba3ce1ee5bd7
Mariam,sollicitudin@yahoo.com,993dba5a6184d2f58a96c6aaf3f8992f8f75294c0acc56921e7c907cb0cccf08:0d51b7b08d89ba6a8586be1fa6d85692
Tucker,vel.pede.blandit@protonmail.com,c5d9573520621aa7f2e32f12ef573a6a846faea88667cbe9ab9008b875c552db:83f8fdfb5b1b30967e731511f975c377
Beau,et@outlook.com,cf2957b011d6812ce46487811cea06219004111dae28bfae2292126e59afa564:196d7d3642f34a56b835647f710c80e8
Mason,lectus.nullam@google.couk,50783c4b0398c6a53c804f4aa270fa44fa076ba587b355634dc76e29d1b74d64:fc2c9db944bc14837ab61bca51ed1376
Nicole,dapibus.id@aol.com,cbe0f8e0a8b93b7be3ca7d3fb2f8cc8cf5cb601b8c2b8613bb7e6abdd58893b1:aa07f555153c64a3a24c13a0b6771900
Gage,convallis.ligula@protonmail.com,9f4025526dd74802408d5577b9281b7cce326b362084801e42347d1e65cf447b:c289e18a60bd8060b16fc6832c06c973
Tarik,ultrices.sit@google.org,1f9335dff09541f11143a45872bdce6d76dcf87f0b2feae13746e1aad6c10513:979aacd3de49b68c7d0dd026c5cdc141
Keaton,feugiat.nec.diam@aol.ca,55f7232d9e538cca15421fd6ac73e9255b21c2aafe7a8e412e62c36710ae118a:1f7a86a4fe3e06ed2ead8a17e1746c3e
Leroy,eu.odio@aol.org,b18a26b93ff507df0e02eadee12eb60cdf01c9b29894df1ad30f6c2c158ed6d0:91612ecc12884a0e3b90fe9b0abf6f73
Mason,ut.nulla.cras@hotmail.com,8655d47734db096e08eba3a349b6311841261ab99e94df407b1f912c637d55c6:eed401824101c90d8773f2a62adcd699
Carson,dignissim@icloud.ca,7995f822420d843c99666d760a33d5ecb631b1461356df0821e4b93ae86a7682:09746558de8ec8b05c1febd4579af45a
Yvette,pede.cras@protonmail.net,3fd61e8502a79b87eee9d19eae21226c6f0862efa974e971a1a38916f7534826:fbfda4cdc3e8bc8b22c64d3f88e84bef
Orla,imperdiet.nec.leo@icloud.edu,9e55183fd81479adffa537940d5ee235b26ab3695af112d73dbcbe8e1508f1d1:12e6bc4129c6240ed7275576a36b3cfc
Kelsey,elit.etiam.laoreet@yahoo.net,447f48437f62b416a9d4146834d5021289469d263566982546149ad0be2ed764:32220d2b4b1da56d8ac0ceb4244d215e
Hector,sem.semper@outlook.net,5e39d06627143139977b90fa3fc0ab55d868ab570f010ef60c30e75590f0f66f:47518c3cb0ee49bd8f0e3b9476a815d2
Azalia,ornare@aol.ca,3afdea5800fe3cd3201377bdc5adbf4629449ba732769f08ee4ec016c62736c9:4ba8e5f0e51aa9b14cd760392c4f4da2
Xyla,erat@icloud.couk,6f2e1a0539def70b96eed9b30885cd5a2b3ad0e0458c1a4ab50daba049312e9a:e7966a3daa8979f465e048119aa84564
Chaim,est.congue@outlook.net,13a809b7bc16f6ae919c34115f8dbcf5a34bacbfed3ddddc15fe12235e9263b3:9d14661389ae9d1faf5f8377bb222627
Fulton,orci.phasellus@outlook.org,832bcfbb087f2196a8dd6c2d2d1b79abf68e7eee2b0b9ebe0ced4fdcd6d21387:261d1da340fc72552b8020071d020ea7
Evan,auctor.velit@hotmail.ca,d95a5bfe7ddb258018ed5cfd5823108ec4657c6d1ab7c5822b687cff45de7a78:69df75fd1e3ca38465f3fe9ba80777fc
Denton,nibh@outlook.ca,33e3fdbd943e50e79916ce575821d7d3ae52c4f3b3d404924a83369d112ec0f8:f4f9cb6b12a73eb835825e9acac458da
Dahlia,nulla@aol.net,32a233306078a8c2e9c7b3043d22a1a40d50370a237c1bced6818441023c7dc7:89ddbe040c051a5ffd946cd7b3b80f5a
Jessica,felis.nulla@google.couk,3f62717a908a19f96f76f3f12e97a59c64239b42bbe0673bfab7c1a586b50060:de94e83abd259dd2ec40d13c3496740e
Yasir,vitae@aol.net,0b8c0196db06154449bad5188fe92048f6649a967487da012543fc859a651b93:389560ceffca5c039f6a9efbf20f337a
Halee,urna.nec@hotmail.couk,f1fe3794fa528f68775cd83ea09c0a0eb6287ebc5e19db70da8fac159945b1bc:1d96f9ee2d7980dba078388ddc6a0fde
Zenia,adipiscing.elit.aliquam@yahoo.com,223ebe8e1a842152fa02752301807d238819a31d3703ba92b011b948cb5210c5:bcf60706bd4e0466aff879bb806105e0
Conan,ac.sem@hotmail.com,d747d427db2d9c449647fa25148853429152a065353e82f2e394534e70cbd31d:a65e6d6fcfe578b66d798cc6801248a5
Richard,nunc.quis.arcu@aol.com,113c8a390df5b925f3e22172a9f1a33218760a30d051bb9e9dfeec0c285d8c5b:24e85d9c2a4eeef98ff5d267cc4434c5
Ivana,ipsum.leo@yahoo.ca,7ca8c3d420d0d0a5c14618495ebd7af48f20faf59bcc0f0a1af3ccaab923bf28:342090f9b9a06ebcd81a55ac9bbe14c4
Aquila,bibendum.fermentum@google.net,a11ce4c30033f100fc36c59c9d37c0e9b1b7beea2977787e6516305e4c6bef94:cf7a319c5b36eec7d648ae1a096c3dcc
Neil,ante.ipsum@outlook.edu,0f6705c4b8dea1cfa652c02ee0f607dd00b373536a47fd9748c3ae4f71f64d76:8b849655049c2d61637d8b13783588a1
Raya,quisque.tincidunt@yahoo.couk,7e208bbdcad975328e3adbfb1595d9d066d95c9feee7129c967333c2f003eb02:415df3332aba97b9dcfad03e0fe054c1
Beverly,dolor.dolor@protonmail.couk,ec20270dc8095e0291299071a1589fd0df0bf2a404e5fa58aea2f95796eac900:90c802bfdc81b100dfc033d2bf703ce2
Colton,sed.et.libero@protonmail.edu,06395fa7eb4bf2ed09bb852dcaea171946042dd0772ef91816fd1ec25e5ba010:45dae9b0777f0b4ff9d8e24ae1958996
Wanda,scelerisque@google.org,19c9ad584be2abb7af27997b80a8d3a5d53f309a570a5925ff02cf70b127b4f1:7c5cfad8a91790db06268a74a2d3495d
Aileen,tincidunt.dui@outlook.ca,fb0e39f3e8775b7be9105180bb60c79069a8094d195e03186300ae753391a80a:d542a1573113ffd11650cb77702f329b
Marshall,eget.volutpat@hotmail.edu,c2f518b30da3e46dd7839b158f99c42cb53caf022f4a1598333ba87d3dc16549:f52a279ae46e096a4017f34348f6ae89
Nolan,enim.mi.tempor@hotmail.com,1470df5831115c63b76bbbbeea8c32c0fca6fc505bdf6c322cf30eb0a4f098a0:284cbe84d9f38a7a1a9b6f30db90a909
Jason,ultricies@yahoo.com,c37706c5376ca2aba8e3fceb61ace07c4a80ceace545df20c7d706ca54e5b90d:04289135de2ba78bad80bc38b599adb4
Courtney,eu@icloud.com,b6b886cee4f99c924cdf56eeb210dfb6bc42d6465c3b04359aed3c8f3772d33c:99b8a89df8904310c20686ae49619841
Chelsea,ipsum@outlook.edu,8d9dea01d92d1d765965ca5a7df6affb901d246294c7747abe69aaf8e26c07eb:0e8936ff9b4f78b5b0225576b25cb4a4
Pandora,dictum.eleifend.nunc@aol.net,e269fc943a25b17618252617dbeb4bbc2089209b9979cd04bf4d98d7a2ff62d8:6220239180a8ed668908fc1789884478
Emery,quam.elementum.at@outlook.couk,5e270a5c90435da704560e1b5bcff7d2b419d77fcdb9b9d0a651e6a2b1e3f261:6ac33d92ca66b6232555481962a8892e
Illiana,non.sollicitudin.a@icloud.net,096b004072eacebb9a259ab3189adc82c8438f3031c03e99409e8acf0990eef3:5585edad58ee68c2f0948aa2046eac11
Lunea,orci.adipiscing@google.com,7f054e1d48092f1dff1b3a5316dbe1dbd9e76baa5f81e42b326c6e1522690529:4e635006ac9923856b4d09a9f91f1a19
Ursa,purus.maecenas.libero@hotmail.edu,62c437faa809cd1b4b69e90fdc224a99e95060e9c68237d49c205a6bd3f70edc:ae161e49fe31790d763710844a2319ac
Chantale,justo@google.couk,3d83ecd333150e349e4f5fb32a9451c91af7fea09ea588efbeb9a4182cd83329:7438a36db440d21701c850602198a862
Sean,donec@protonmail.couk,3170fe0d4fe065f02312d40a0b8a266a2bcee12b2f49408e74d400077e2b5510:2e2f9ef4e7acce9f4a20105a289a05df
Amos,aliquet@icloud.org,2b72620aef3ab4eb84dbfbdba5662aaea4b5f27ac39c4a09213347743f0c409a:3b9bdd0a4b74b467bbcc4306759a780e
Rudyard,a.odio@aol.net,1a3c149cf225798df9fecd2bb1d90442a4baef6e95ca08f7499be611472e7343:2cb1f79bead5bb9513cfcb4f751bc157
Reed,cursus.vestibulum@google.edu,e641394796f15be64882b974e9d28e36ea601fd6d6b6966a86c07074695eb4c8:cc2586305d2bf0269357333f57621e89
Daniel,ac.sem@icloud.com,7e4b911a5e407f2a1a22e2c98657a11fc8722701aa666d679ed224b768e88c2b:fa68b54c66ed91d3b120bb101f0e8df4
Emery,in.sodales.elit@google.com,fc6d6282ac07110e2962097e5318ce83740cd9ab193fe62a40e4a9be6edd1b8c:0006754d27f9c621bbffb91be948b18a
Kieran,est@yahoo.net,2111c8b70b427e346cb8c8c454131707b9566a890a717f7cad5edf7d92645ddf:19c52c9181e51ec494259e3b0964191c
Cheryl,enim.nisl@google.org,d1bc3c29ca2d82692d1016d682840d47e9ed9355603d6df4f4ca32fbdf39a42e:1cb668867f0eb4573b54a56d29e083b7
Leilani,ipsum.suspendisse@protonmail.net,d725cd58f2b963fa8fe15b057fbfc884acdc00c4966a5dfaf4cc1d08b862cad4:4a6f52eab84983287285938d1943df7b
Judith,placerat.eget.venenatis@protonmail.edu,12806578980f296e7e8206a97cdb06e748d700aa554e6022cc75adf70820c905:da9edd8c61facddae6776589aeec01c0
Indigo,amet.ante@protonmail.couk,97f87da079a885ad06cbded0e04965a7b1ab0455ca7b9153b26a731b402e10da:191efa6525185c5f7e9f429e5a978cc8
Karly,maecenas.mi@google.ca,e88de3ce2ffb0566038db943982865ac239729343f536cd895d55f2056b11292:584ead7e4236f9a1bff926383110b4d2
Jorden,ipsum.dolor.sit@google.edu,1eef6f0be04f73e618834e1f93b9ed54097545d9403ecf8b1503cae82b56f4cb:d510ec215f2de20a45f0b1aeded75d86
Mariko,vestibulum.mauris.magna@hotmail.org,e2b559bfff3f5fe2fcf272479f02bdcc2553008d827482ef80766144d10a3f7a:981f680f1f21de8c924ddbbcc571a596
Christopher,aliquam@icloud.couk,6a9101f034cdc9fefaf1d401adc17dcf1bcdd4868053308b1eaba7aba63d51f1:9f1ad50b2c9910a1f0e5867ce0baa00a
Caleb,lectus.justo@yahoo.net,21dc99bcaf55202ceae1ea258e90449aca9f792b6bd659d36d651eaa340e6204:b5aafef2fd0671529f346eb5291732b9
Fay,nec@google.edu,4942b81ddf57722cfd676a25ff8d2d346d7f589759c09319feb4fef5a801444c:88aef2309ebf1a7f8d312dab30fb7140
Hayden,vestibulum.massa@outlook.org,c6fd4fc601828c791f51251e7277b4b2d3c56643fbfd6f309e33417dafd5e638:9721df6ccd90e194c009d77870642fa3
Dara,interdum.libero@outlook.org,fb53c16ee655e92527cde80bc38a72a81a0d1edd1d44cadfd3dcc122c64c690b:6f2e4ae6dceed3b49f5fe3bb7fde017e
Lance,in.ornare.sagittis@aol.ca,a2731f820dc0e6faea556f01dcdc166349be6a6b2831dad6bdb197d9135a381f:183fba956496e930ff2bda2ccb0f6eea
Magee,eget.tincidunt@google.org,c9098ae0fd04def95d9c660dde11d58c69e8e73e8d7dd7f3765b3d3c157d90c0:44a9846a58853c9abc0654c11a0702a7
Chaim,non.enim@google.net,8fa3a6ced4cdf2d8a4da945341bece9360df3530cb9c594e0346abeca81fb58c:12363387415b729682614df491d55718
Jason,blandit.mattis@protonmail.org,09d324edcd3329dc692f9512044fb6092bba32e57be5e53e5eba7a0c0dce72ea:3590561dda6d7780b3f54d76e56492f2
Josiah,quis@icloud.edu,00d44ebaacf6581bc7cfb2e181aaf1fc97d1aedaa91cc75649f298467e81fcab:d909376ffdf7e5bfcd2d91f1a62aa53c
Kerry,convallis.convallis@yahoo.org,e348e9ad26dfeb92763de3e1576fd7d81efa3ee9debd5a14d3b8491a44df9f6d:0086dddf4eacc0734fb41c8fcebb4951
Halla,non.hendrerit.id@yahoo.couk,54ffa0f01bd58e56197e03cd569dd0813940ba7ce9e9f34a8385663f9bd50764:7ba18586f8295b3a1cb50b3ca5d910fe
Jade,eget.ipsum.donec@icloud.ca,71b3e6cbf08f3673155337514c4ec4362d81ee36305020c190e16e1e6db4f36f:20fb1e38e49b7ecf4889150c0348b69c
Grady,auctor.vitae.aliquet@outlook.com,eb1bd4f7d039cdf35e047ca6f50ae776d2c67a6efb87413f8123fb36e146283a:cd85289c8ca91eb9b12a097e5aa1d388
Elijah,eros@outlook.ca,7237e4305e5c093892538ff462fb425ae4b8ee3cb6d0db3fd3ef4f43cfc4fd7b:391b7c2fd9d363551cfc0a232201d1d5
Basia,sed@google.ca,37cef25df0bcf187aebd2c862a581dbba8c872bc7d54d15dbb725b30e3b95c2c:49ebd940312d4512cca6bc6806b2b972
Owen,luctus.et@hotmail.com,26c57cf248f390b02209607f6eeac6a8073c25af10820515d111a8fc987ac1b7:c025305662ca7a103c48e968ee193617
Minerva,accumsan.sed@aol.edu,3642733ecdce1e691093aa96c59a6843e7c08e000dd2990c790017089f40e81f:9b33704fac97e7cd12ba859de3f6e676
Jessica,erat.neque.non@protonmail.net,a5bfd847615b39c67052a22ca03ce6ccc115f6faa20a27ba39981c3ba57c376d:9a484f4205d015e540b24b23ca859478
Jason,cum.sociis@aol.edu,f1f5eb2bb2761f4ec03abda22ad55a272330b39f7601281145317d69e0ae150c:00e6d078061abd6fe30dd94d505434a7
Audrey,donec@icloud.ca,86a0abe7fef2287dbd563b678a475949138161fdb5bcd71c7a95091a826ff617:fe13210cf90d07aeff95de0a07ffa7bc
Maxine,et.rutrum.non@aol.com,3eabc653a40f263f0e3379c93d2e645562c14b1100c0fcd2f8cac749cd6cde39:9ec451eb1c512d86aaaa5602f501936b
Malik,aliquet.vel.vulputate@yahoo.com,bb87852e340730868646930faef0fbe06e0e0fc39fbce9e69733d0d1ade4dcd9:d5bff7c62865f1ce34a4550de4cee2de
Petra,proin.dolor.nulla@yahoo.couk,24442400fd573ef55648aaec61c5085294ee632718eb6c440c634582598cc6ed:2bfc5d5d53e4cfd18e8b565b0a625f61
Hammett,porttitor.interdum.sed@aol.edu,25405b38506ea5c50b1e536ffc76147805d64c69d3661a93b73d466678702c01:d08b07275749bcc2e95a248864b19700
Zeph,luctus@icloud.ca,7868943c1fb7dfef3a8010f32b44278fa6293c0e284e5058bcd21a4c97674521:37bbc775a175b2d47801a5eabfa557c2
Pearl,nullam.scelerisque@icloud.couk,4b639638df6fcd9ef59122f1f0f2335d8e863cce2dbf20b90e284aae546b3adf:997c5fca427d0a4bbd6504750bd2466c
Alfreda,mi.ac@icloud.net,61ca499373738c73308d44c2c10261510813662c476cdf273b1716198f58fa03:d56efa1a421e417621b6bd17e5a95204
Kevin,ac.arcu.nunc@icloud.com,9442b2174b51c54645670859b7cb63f79da153edb96f143411e2235bbb1ecb5d:d24cf6a1c21f0d38e724c5aaf77b84aa
Wynter,vitae.mauris@icloud.net,94ce0cc441ee14cbad8fa1861265547306898c705c50cbc1b2f0f5b8cc005d2e:d80f18a487f4850343b7da2c49b0e1e4
Wayne,lacinia.vitae@google.ca,166103b53ca0fd237e1b0d78e276fc27f4508721efafcb429c79bddb5ad56755:9ed0a5805dc6c6ee686292ea751820ab
Brandon,ac@aol.org,7f09f99512d9e41f9c08c58d7758c38b1371aa6b408f0534e8a9cd368712272b:b452ad1d38e31469fb18617ddff3a9ee
Mufutau,aliquam.enim@icloud.com,ae60b67d64bf876729bee5bba3a88f06b24ea673ec2ea509859203e6b9b66bd6:807597f1cb277913736ab5cb61c8ed63
Linus,mollis.phasellus@protonmail.org,46fff43f1ced83fb8d171fb0f884f4a133c9f6d99ab0494b85460d0f222e81c1:877748a52c805d26e0fa029ff59c164e
Leonard,lorem.ut@outlook.ca,cf1bac5c653c48f11732437b17c7df97ae62411b58186e0f4bab7c518e4fa036:80c97499694db03ea3c177f93118cca4
Shad,magna.lorem.ipsum@aol.net,41f0e3bb0f97afd2c27b2371b754597ac26ecef1046ee2d220fabdb7ba275eca:8b68565cead8593c491e474dd04ec069
Russell,eget.laoreet@yahoo.edu,6e8cff2ce110e10d11ef42b395aeace4f198cdd6a3761e7dd22e78ace9b7b26b:fbbb7ef37b7f86ca94358e8d39fe3c46
Jena,tristique.aliquet@outlook.org,9cb980930c680b04a5552463a6eb2fb36c638b708fb3389b73dba09567451822:be0c6819c8b09db753902a657bfb2bf0
Nolan,sit.amet.ornare@icloud.net,02769f7bce481a9b78ff57d3a98e4a7fa5c46ba23c510f9fcee70713225fc70b:064fd693311ce980557608e346b0478a
Cailin,metus.vitae.velit@yahoo.edu,5e062a300920a7632e0fe435755b9faaafe49939a2b85222dec969c4e77740dc:7e654441de77d8b2b1a38ec6c61c7872
Tatum,ante.dictum@yahoo.ca,5d49d8be4399ded7828b17b65cdecf4f036c9e20781a59b9cef6346caa230e0e:56f05a8205d39a6f17de7626dc0b4c3c
Dahlia,massa@icloud.net,ecb042df298b2b1ed0d86394a186feaac66bb97042410e77e0f5d81ae2e30fb1:84977c1f31dd43f28d915b8d347679df
Harriet,cras.convallis@icloud.couk,ef2129cf587a191455e306764300de1a6cafe6ea28183741180664ff2097a4d3:5410ebfa4d0a810c607e6f082febf3ea
Ishmael,urna.nec.luctus@aol.couk,80e8fb8d766ebc5bd692ec095ac1f3d999deb0d7d2d3298533f2680450eec0b2:6aaa96d5918890392378d3cc83d192c0
Martin,curabitur.massa@yahoo.ca,b62a5c34903c9ae280128080cc65bf8044055a702585eb7cc27ca569630e2cf0:ea559ae3a292338da6a625c6895d4c77
Merritt,non@outlook.com,77b582488b3af783c14dc41d097e46d7ea4fb29f1b0359eafa2a2d425c6fdf58:ac4ca6d642d60859c0f76fe0b1215644
Courtney,sociis.natoque.penatibus@yahoo.ca,f80d2924028b45d21a7f9071aecbd49416cf1d147028fc3d59e91186e364a2fc:2a9c187cf0f7b8cbfb0b11f957e7fe6b
Ava,pede.blandit.congue@yahoo.org,79096c093f1737d628ded81947deb59934409dd90162e57e844d6537238cc6e0:f4c3d4816e38c7fe01805f25ed5de6ca
Sylvia,tincidunt.orci.quis@outlook.couk,b1676a2ddc11effa195192f8e6566c6b2d9bb47db2db2f9e43aeb1ad2f0d695b:e9d9531b94fee5d457e9bfec65ba2a35
Henry,nunc.quisque@google.edu,f378d8698526a1c98afd06bc1f630b72aa4b44bbeb9445241f583b96854717f5:366a68fd53d645a6edd5709d8e23eb2a
Amery,sed.est@aol.org,03012b76497b999d2a0a79636a109fa0f74a2789337219a0a6f64491170adc0e:6513f52429edf6e1c207048f42c21ac9
Emi,vel@hotmail.edu,9fd641357011e31ed16f604262dc0769afa86b29cb041ff38ca913f7e8b7fe40:6bc88901cf75e70f51f38dcc7a5144b6
Lara,auctor@protonmail.org,0898b6f4a8a0eab61834789deed1a60cf6bc93061059865e8c329aa073ff2fb4:275dd3e9c9d970ce2cb42ff73b9f9dd8
Malcolm,tempor.erat@protonmail.couk,309ebed16e63d4a78ad6df24dc66cc8f995f59c942f50dc29e409c63ade9a886:b7a3f5c124afc2403b52a9538267aa1d
Frances,risus.varius@aol.com,8964ee982df331b197561f74230706272dd9fc46503f2d327a98928495cae094:c1784a083881b37e054100843174d028
Perry,non.bibendum.sed@google.net,c864aa74c74ef8861494ad5b543e164d74768bd43abfad0bcf5d527c0ead978b:b24a7753dd76b5508f06483e173bd8d2
Herrod,at.sem@protonmail.org,aa932796a7ecd9e32269619e69a70b048c248b1b46786bfa9477fcaa1b795229:29c76666df87a4bce3ead56990f1bda5
Odysseus,eget.varius.ultrices@protonmail.org,76cfd8538f2dea9eb90b4d3a9a4632d2fd2911eb3e9f9753db86e972dde9eef7:4cd38b1c818626159903ec7adef872e9
Daphne,felis@aol.com,d7027206dccabf36203812ab3146202c162a6a3a4bc07fccf25b6dc7d7b0c9cf:6d17d715b7b35b0296d765b3b40db964
Gavin,tempor.lorem@aol.edu,991d3a0e54f601153678b14c82e7d2c704c296db479f52665fb065a22331e559:81493dddd436bf63a9ee84a2efdb20bc
Thane,elementum.at@outlook.couk,dc2e8e3c7e9287fd2eb5db89abc3877c9ff66355482e031643719a927ae57d4c:8dd770904e801b1497f670254c501fda
Jakeem,aliquam.iaculis.lacus@icloud.org,4f65d149311c94d0daf521562b2875563f3665e0488b6504a7d4d1afff6ee7db:4dd5070852d5fe818194717ed4075c43
William,euismod.mauris@outlook.couk,5a3f146b68ddc9c3964c5f8372aacaa5b17a4219324138a06b9462ecd1fde305:ffe6295355b4696b5cf379ad5b10dbe6
Baker,ligula.nullam@google.net,66e386fd0198360954759b257d9c943cc89b82c57cd4fff873ce676877582c84:3383f91aff9ccb0d2b49d84a136237b4
Dillon,elit@aol.net,b6073be8c75f8e167b75512332e62e3502d3220197f7453ee929be449bd59da8:b8c295242382ddd3fd86aa05f1d2e116
Amity,luctus.sit@yahoo.couk,4f30f8a7760dda2d9cb5b725734f1140b1ecd4d417dd4396c305f4fbec49108b:00d0c1b85a87467562a5131e66a144d7
Kermit,vestibulum.nec@google.edu,28dbb03debd0126af128f51998582ff0a295ef9870649aafff8bf985c144071a:b35680c45bac165015dba898d823d9e0
Leroy,montes@yahoo.org,79e3c671e1fbf4975cc7680d3ce5ce133001d71fbef9e93538a1ab42c65f9609:d2f28860dbbbeeb2e24009916d1cfe8e
Roth,pellentesque.massa@yahoo.edu,33619e7011afedb60274ebf6a5714acfe9431f32410093d6b99487fcb375e7ed:3ce62aeb2efc4d1abc35c0b3f4ddb240
Sigourney,erat.in.consectetuer@yahoo.edu,b3f78cd97da0884b0f7aebfc78954666abb86392ceb94a398403740626c2ad09:a0431eb22b49a5c3c197a73504477a9c
Devin,nulla.integer@icloud.couk,498c0cf119c9d1b9cfffe78e718871cd9453b21e3e59a01c6ddee96ede4029bd:f872345faf771f57b3bac8b9cfe5af51
Elton,libero.proin@hotmail.net,5477ca6dea2472e20e1be17be7f8bad70b445522f7a27da979f9d71496c31cda:add378b70614a30641f496b2ac7e7e41
Coby,ridiculus@google.edu,a486f8b4c7d5e4895b525e52af134cd96500c5d128521122015e61c70e2ddd53:1e7481f2a8377fb0c1ac06c9be82c693
Lawrence,netus.et.malesuada@icloud.couk,c13080eb62b821af7d251f9cef43680a4a06fceada0c8ea1be8231fc037547eb:0e212684ea5f03afcbe60d537be50abc
Florence,mattis@google.ca,d0a5cc7ae3372c54d2960193ee26e7aabd15ae56ba0534058ffc9e5cd63a7b27:96f4e022b7e43c513ae16786b5a96cee
Cathleen,elementum.sem@yahoo.com,2d4a12282f23d3a4f0409de79ebefff30f3e0bd4bfa1ed841c1e8b8e030b73ac:8d63d8860d5d5a89d1d8ff672069e51f
Avram,duis.at@outlook.couk,d8939b1a86f0e2f02f8e0a0eb813e5a6e564d2cc9b3c3ba02a02fd254bf383b7:4334067b23bd6d96471e1aa4051320b6
Maggy,montes.nascetur@google.com,a98efec94559912eb588bf06bca060e45318efc2955c36445f9d162044979c95:04419591b88e06700d4cea0241389b0e
Upton,semper.nam@protonmail.org,937c0e2c8b124081428362fdef503372a519c6a8f023fb061d2d1ce4f236f6ac:29e8afbe7a1be4dfe3650b8c20d656ea
Kalia,tincidunt.pede@google.net,2eb8dede5c2770fb9d9386db0786f8956cd645000b676c0bfa249750a2f7acde:ca7d8d6b698e9ba3ab7afea558736956
Kessie,quis.tristique.ac@protonmail.net,c78b12091b89b53fdde904fd3422617df28d033fe1e49f8e4f7165e53e7e8c76:cc70bdc4eceda2afdf23ef7d1321b1de
Geoffrey,in.magna@icloud.edu,05f8fe660e1ecf4991286f05fc7e9d52a90d23906b1ce18f70d969ccfb6dc07a:ed4460aba4c2ce4e6979bf0a1bccfa3b
Nell,quisque.fringilla@yahoo.edu,154ba39bacb27cb1cbc6836c419a83c1384aa436bb4db9b01114f9871786877d:43b191a286509a8a9562bc73bd0040c3
Dean,tincidunt.orci.quis@hotmail.couk,dae02b61087498366ebf001af765d94a5c655306e954d73739d83040122e33bd:f18877886333c5d20c52a075788fb2b4
Carter,eros@outlook.edu,2a4a0ece8eaea0c11d86523d14cf39635d563b75e426442c5ee9dce487138997:453e030ce91858e6b85ae1467f4a6ff8
Noelle,nunc@icloud.edu,b9cb71ca9949b1e2dcf6058cd5c84b5284e441b97fdb4695200f3bd6b023049d:d169b4d3fa054ccccd5344883401dbb6
Graiden,sem.consequat@aol.net,f944cf13742890bb859d9fcc2d37f1318ba23bd27606856ea1428e4b8f2750ac:f68c28cc2acfe9500c0f8a477b8a7e6e
Carl,fringilla.donec.feugiat@outlook.ca,3003c5f206028e5f441ad2c3eaa8b9c26e9392b0300394b9701c3471919b7741:ad8e30278a873f7736dbfd31fc226739
Alexander,habitant.morbi@icloud.com,dbef97a90a43d8eb3e15a0fbb4a7e9996cc112444d10531a9c042a83f1f9f6d8:ad8d8bd231359476ad63c73fde2433a7
Gary,magna.lorem@google.edu,608d20aff99793943e9dd9691642f26d16a52c56e3be2b87ceaf6c69e0c08eff:04bec3d37b492ea7bffe2ac9525b840b
Conan,ante.ipsum@yahoo.net,b68beb0bb9b73f6d6304da79e93e257b5255f444d6d06f3c0a67e3371e516b9a:6a7666cb9ad27239f4650d546ff4b18a
Randall,ornare.lectus@aol.com,83c9528a6402645ca8b6019d89d4e50f0545e37d09f94cc3d17fc7908395b57e:5d84ae05e35e300f6804b721192d0704
Garrett,nunc.ac@aol.org,b9e1fcd08f34f3757c335891117b203d6680602a01e33a03daf1842a4006e774:feab654c1cbe79da1d5b8636fadce177
Brock,nunc.ullamcorper@hotmail.couk,5041a7bb2134e05ab7cf05d00f959c04cde390cef11357528622368beb00aee9:eb7ac15d17416d8b01dbf7c0b0791034
Hedley,justo.sit@aol.net,17b94d07674161beb8b5912cfbceadf609a534f51f2affafa21e41b6eab9f7eb:39d5691266f09e9df680643b5c60f8f9
Keefe,tincidunt@outlook.couk,54de905f18e6375181eb8e3c90a03eac3e0c28d6f1aa829131c21694b0fd20ed:e9a90682af6f8f00c0102e2253a5ae50
Levi,aliquet@yahoo.couk,e38a6171c5e68060a94da209a49263b3096d12fe259fe061f04da969d3355c3c:691f098ccd1bc8a409197f5a5f145b79
Lucian,rutrum@yahoo.org,7e765feccac4862fe112a5d0b6c5157fe30eabc619e66b5d67e08b86df66263c:40a0ea7f265860e5313f09d05f40d9cd
Yetta,et.arcu@yahoo.edu,812d119be86db6b5a088abf0014dfb31c59171cbf66c4d4ec5f5779a40467bd2:22276ff374fcfeed9331ff5eb7f8d00f
Gabriel,ante.dictum@google.edu,2f88661a52dbb58c0fb9f6614fae02c37ae1302b5481a09742de7edfaef780a5:6596ae40f8fff52298ab5a13e0f48a63
Riley,maecenas.malesuada.fringilla@protonmail.org,9d9ad4428145a81caecb9ea1804164bd29983deced780d3e06b99c042eee745d:bd555ba3ae25137042fae8f6507e86b6
Sandra,pede.praesent@outlook.ca,f5a2814f3597064c9254dc09786a40ddc0977b1cf64d56e5146828fac8cbd111:23d3781f7355e88316f095f04b751f8c
Brody,luctus.et@icloud.couk,5f8939753ed58d7b484b84e58d7567efde87e9a6a51c8dee4f7d6a3eeb7b8a10:e13379c70f01bd74450cdb2a55a26b4f
Chastity,non@yahoo.couk,c85649dba9762b9a1f4c054d95c0c298e48f0d932b935e91534290b80e5c4910:fd64960f8730bfaa226c46fad2ff0fa4
TaShya,id.mollis@hotmail.ca,39cbc53d6d13a538b5b8054e5954c64681c183eade6ac1e38ea7de4431864d1e:1cbd40aad604989edb10e0f7fa5f1ce4
Ian,proin.eget@hotmail.edu,2b900ef8becc9c77f691cf0331b344eb60bc6152f97f57a7fe1b048a46250b01:3651ac90bb20a1f6ff528e25075573a6
Kyle,massa.non@google.edu,07f68e0c629fd617392dda769d475408ad5f51dad5f2b9d7a165c5d2b81af987:1834c8cf853454f346279f3473b52a97
Tatum,curabitur.dictum.phasellus@protonmail.net,a2fd42fae684733a408ce56cffd1b6f1e8f3f6885d4e7d2229a1d84e08b6754c:7038025060b8c872df2a906a5e7b74e2
Cassady,eget.odio@protonmail.com,4867cad0baa07bfdc7a50533affe132ac642359411c3b5290ecc6bb055875fb0:cfb1eab24b4c14193e624f5764744b6f
Hector,nisl.quisque@icloud.net,a4bb394dd710223b696752c490d431448c504f451613b93a04ddcccdaa756ee4:3546b0af913554573c05c7ce8dc65732
Sopoline,erat.semper@hotmail.com,85fb6d680e04a8b4024a515ee038fc7e0cc138aa6595cafdcb9921fb303c5725:2a41eee3a9138a1cf16122f6a0d125ae
Fatima,etiam.imperdiet.dictum@icloud.edu,0047f17e339d7e5f4ebac9dc6e963ffc4bb72f2e96b6ae468e7116a069ad94c3:a0dff492d8a01f4ab2578b7f3707c437
Adam,tellus.nunc@hotmail.com,2a2de317eddbbebc0cf7eac44280839d93b5b6a53725514bc4ed243a85e80634:87f47c0bfec7ea00f38ccde100ab96a8
Quemby,libero.et@icloud.couk,5ec9f90a5b92d19879eb97c8150091379401c6366db51aa9189540954f077342:9c3ecd880400307c4dafafd6c9a312e0
Cullen,dui.cras.pellentesque@hotmail.ca,30d2f9d11cc3cdde9a1f80df45629d6c250b2ac20e89ec7661eaaec7f6ff6694:286e462f3eb070005582a6f7b8d3c1e3
Kessie,aptent.taciti@google.com,5bbd7190db0db00bafa5bdb09daa7fcbed57678945459ba36b31830b609e9660:6e126f67373433172bd1b56ce852a598
Hector,enim.mauris@hotmail.com,e50d72b25653fad6c91a1a9b6f2776b803c2f4f5171048bf05889617e6330979:9372364a5baf42ac11d4b50abc5c2781
Juliet,ante.dictum@google.net,91a52ed93acfdc01390127724eede64f129de4aa2b5334173e55dfc836fb98c1:04fc58275ae77e55bee1a31aff64e638
Darryl,suspendisse.sagittis.nullam@google.couk,1c70597ac6fdd28ef267d412077c202897db334df8085e8bcddcb8cce6c098a7:b398dbbe68dbbd3996d102cd19e956f2
Ethan,risus.a@hotmail.couk,a2df54e9e982232e9831a33567cdc878ec312b2a3e22970b643e35e670c5f7d7:2a5dae572c837615a246386c45a24a60
Heather,euismod@outlook.com,c53c46401c40e1baeb761eab8da9fd14096dbbbaec4031282e904bbd56c603bd:83a6abad070dfc9ee7bc99cf574ae5db
Cody,ac.turpis@outlook.org,cf8f97abe919a2ed1d64a1587be4a38a4fc14214ad00943464d7a10361a592f8:bb69c6b86bf41a6b0008e380c552beb2
Chastity,egestas@icloud.com,a12d30184c99889bcec70b5e30983cfd8f17550d3be155ff22b36d224f5d58e0:fb4ef82f23d834fb547f2b29492194cb
Jakeem,ridiculus@icloud.ca,d12e784ab48b9a200aed1f8fabefa7379982e176d1633500c8351754d174d836:398074d0aae703c5f4af8c57b28e0741
Hu,dolor.quam@yahoo.com,0945b9b41d5e1b24e1307ee02939c06bed2271f627e2ea00dfdc99fb7c73a921:5710b91cf3ed370943e7ecd157056adf
Kennedy,ante.blandit@protonmail.couk,8a0ea993b4951ab4b448e57910410dcdc980e310cd83f670c0a193409f0f4db5:cbd864c15d8231394dad38d8c235c421
Darrel,dolor.donec@protonmail.com,d209277e736e175fd528dc8c6d2b6328b220e346b07459cb412934fa3ccc4210:713fc271b65febf466773de5cf23ed76
Lee,diam@outlook.couk,b9f20c6c0d76f0abaa3814f52905db0cb2a4d5b0818f6e5fc719d01d468c2c1e:0d2a6a7a97e88b702d6a5a21d0feaa58
Pamela,at@google.com,ff4616c541cb0fae22b39661afdbe844a88b651eee323eca77db232f68b29e05:10ff718f36a9d9be4e35eb65d2b7db3d
Lee,tristique.neque.venenatis@aol.com,2ef59db27a5627fe7b25d19fd1ecaa89f9afff352d731bd551879e3ecfc563df:2119f426fa3411a07df25c2c35bb3624
Libby,ac.feugiat@hotmail.couk,89e6d9aa4bf0737158bad9e05eefe1376a6e6d736883db00d4b7a08902e1cd2e:143ce0e18961d1db4fac932faf92e255
Dominique,mollis@icloud.net,47bd08025ea6d1d7b7662a1ec6c9881fc05ab3adbf86659ddc11ac82b89247ad:3ddb9c6dba4bd733cfb80561a6a024cf
Charles,est.ac@hotmail.net,e5b541b542ae5aa39a8104df05382561421294e7d58fbdfd96892afb9862b89a:d6b74e0626f47d05cf8657628807ae09
Kenyon,fusce.mi.lorem@outlook.ca,87fd5e04cde11d920ff34c9e76ddc9ad5ee9710650a28113291c9b8af05bf79a:61ee016aefe51f6ad23220b087c5d261
Leilani,ut.semper@protonmail.net,7826acbe60ca812369588753bf790d8a47dd688b29123892f4147e0678814b87:9729408f13e2be696f6c823f7cd21c55
Cadman,parturient.montes@aol.com,3a6c80cd4159ca417ecf4fda9f9542502b1c54befdda09cfd36bf22b14944ce0:3a6519854ea27e5b1895fa99472c828c
Michelle,diam.eu.dolor@outlook.org,df04cd7096d15f7e0447d1106b016ba5369aa0b345cd38657beacd35cec6e221:93ed8c2b4a75eca0fbfa710d26111fbf
Basia,euismod.et.commodo@google.couk,e0ee0773353ea94e7d6b2ae198d64ca26245af62f64e089a0d4aac06b27b7ce4:d1efc179c5fd5c66fb57a341cdc798e3
Joelle,adipiscing.lacus.ut@protonmail.ca,44ad5c50b9aae984402d3edbaeeb448ffd4585f643796da90562ce4523863cf2:a269bae974d96f4773873557307c12ef
Patricia,eu@google.ca,024b478438750b7bb7d29531402a9e0ce2bae2823664e7335724a548e8400ae9:5188c1cdcc5b2df022fe5f5a0e8bdf22
Nero,ante.ipsum.primis@outlook.com,52f9d58b91351987905e7936435797fe130139acaf7ee4832c84c55d77dc47a9:ecb1d3768e35ae9c9f57123869a0d473
Raphael,tellus@aol.net,206213541a465138e36ddfbcd960573ccb2a8f01947b0d6c1610a59f6c7ab097:9ac6c2a0927f04935573511ca898d326
Stella,orci.lobortis.augue@icloud.com,cfa46650555fd4aeb0ddc3fff1b9103ceaf48b9e0a8430c5d8a927fde5f6158d:5d62e25054c729fdd90f7cb5c829ed37
Kennan,nunc@aol.ca,ea848703e79c6685e4ee0582a5a56ec5eacf850d0a0e780413c175add1273586:bd1ec471418b9a1bb2279ded4e8a4373
Zena,diam@google.org,b579489cbd762b06c8bb00d31d49bc501a57bf94bcf517d86b75107d7a486282:fc4e5faee54bef08bb184baf502e7c91
Abraham,accumsan.laoreet@outlook.com,bbd2bbeef86c71e9ae614eadf9ee931df486b6eee83daddb0a0db144ceba4c1c:73d45e4a5af8cfa99ce4910af3faba7a
Rina,sit@hotmail.org,14b3789be35d20a7de4eb2043d46a9b9d2b4b53aaab7613b679afa83f32b90c1:84f74509c501cdf881ad8c290ee8aa79
Gavin,accumsan.sed@google.couk,4ebfc25e7b098c63f118bebb35be3d39cefb4a4e92b263c30f8d2a3617d84190:1c2bc9a30f2faec5faae95c2523fa587
Nolan,nunc.sit@aol.couk,615701ebe09d113d6843310ef5829040a918b30f2e3407a0d4a3fe18cc644107:7bdf286619454707c895abcfa6435f07
Allistair,nam.ligula@aol.net,ed1abcbec93f33d543a2480563061c684616c36c4b86a015264a4e190969fd52:abd811dda98e9807c2bec949a7e9267f
Lila,arcu.vestibulum@outlook.org,a19ec66b6e51c9d370a6b7ecffde7a78ca4c9bf055a0ebc97b1d86947810e937:d539407a1073218503783b132b3a0a4e
Ivana,lorem.sit@outlook.edu,97e95e0f3d01cfa5f97ed1a90af4d70a9fbeea045608fff7981a1f3a0a1c22a6:33c43051be0f69775dccfb2f32b71dbf
Karyn,maecenas.libero@icloud.edu,8978f7ddb93daf633c7a6a41394f253788fb25643203bc570a5ed508cfde05ea:dd7bff205572f9f32f3df5e109ff0b82
Vladimir,ut.semper.pretium@outlook.ca,b6c8a0bf9257fc5a6d183063cbee808b13fee5eecaeaaebc7b69a8c0a55aa40e:033b2efbd03afe79655d9bc89b6efc12
Trevor,sociis.natoque.penatibus@yahoo.ca,ee21a7e9b263dcad7bbc387d80f99f3a56e5e2395d9d139dc0849c5dd3e276e3:56d316ff01e09ae2f137fa1f4c826c0e
Daquan,volutpat@icloud.com,35bdcb6b6c2ea93b0a701b3148b04c2c3b6a643c427a792eab1d471db8d2373a:bb41dc2f232a5455d81aa7da256c2714
Jesse,sagittis@hotmail.couk,39965c07f4919041baea000cdc66c7050948d90e02e17da84045d9e0f7cc533c:acde71d7110b5cceaaa30dfb2c7beb29
Jack,eu.dui@yahoo.couk,18a8b9ab1f60ebc19fe7dc23402d7ddcb8ab39f9af06b88741f4befbc338f94c:d91d2c7a0a8e8e27086014de2a4edc2f
Myles,quisque.varius.nam@icloud.couk,4c2d6770ff899605f9eda7ae85099088ed826b0b160a1c6ad3803125215894eb:51e0335541dfbe7acd7729e4e20d25e3
Sopoline,hendrerit.donec@google.net,704d48b8468322d2606f0558666a2be1cb3167ae16163af43ddaf9a006431261:a663933778452f3c76ac8c8d56d8ddd5
Ursa,mi@hotmail.couk,543fd6aee697a79ca6a27ccec4c5cafb0146a44ed3c6f260ca538e162a8cfa17:aeeb5b30b8f6ca1b0c9fafdcf2fdbc7a
Leigh,curabitur.ut@yahoo.net,71d9477312a2abe2afb856799da137987c584efbcaf8418f4d21ec7529258297:2b7b202a37ead7a98e0b310e4ab7a80b
Troy,faucibus.lectus.a@protonmail.net,92b372823fd4afe2f488622776d02bae053ab24aee9242836380b263c0d19b52:97c752855bd67115d85f5149354e3a03
Brennan,parturient.montes@google.ca,1c004532d233ab5a243d585a181c267e2677cbb39305256942533eeed9ccfad5:84ee7401d47bf7a9faa6d1f8738dd866
Regina,vitae.aliquet@yahoo.edu,2e65b801f18dd2dc384d5a6cd96296fd5171d11ff0c38cabf3858dd7e56202bd:2f4104b381930041bfe60b914062847f
Keith,euismod.et.commodo@icloud.edu,4cc063a87ba807fed847f5283b1bee2df44464d21b5f7b851debf3f00d415a0f:235ead9b33aa6760dde630230b634d42
Xandra,pellentesque@protonmail.ca,41bde7d976a45aee3e87317ba670a974ab1b302cb7f54035e84c93f079158904:ef84dc850c0fe271cf491cb35cf4d608
Ulla,ultricies.dignissim.lacus@hotmail.edu,0c09c59003a5f3d71be3a0f4fa8f88dbc3e956e6f1882490014dcdf2313ad4b8:cec18e17e9e5f9c00b7ee0999b9813a8
Axel,consequat.purus@aol.couk,0a3ed57b5793efe6935108bedc4bf7a21633e4609e9747ffb691549033e55979:a1c77bd96857229d851cbde6d04a37f4
Kai,volutpat@protonmail.org,a2f7dd10ca25982503cc814c09da25e2cfab7d3a8d731c5928dded3a2ede7372:8bb3759980e955e01a00b4d870cba394
Coby,adipiscing.ligula.aenean@aol.org,e2f03c745f537a4442c2033e9fb79788feee34f615fc6480fe38cf8fe6283bdb:fea5973b786c9d41ea5c2d62068e7f7e
Eliana,urna.nec.luctus@google.edu,f5268e4eda0af8a28e46fba6e347ea09984d7420c034d715c9c322c1bbcc8cd2:b8030baed9ab87f483467fe752dc9094
Hall,ornare.fusce.mollis@protonmail.couk,f70da53815ea3e91f3690e51f31b9c0bdefa4a1aa3589080db789dcdd717da0f:93e089c5f73157fbed2183f2247e81e5
Uriel,ut.tincidunt@aol.net,62ba17a0aaeea2c104412dff87ae3545f10df36f75706816d7127c65d51ef4ef:a82ce275c6574c7da94dff8f9f0d4227
Palmer,luctus.aliquet.odio@protonmail.org,4c163576e9b7a071d303a6106565a7c9f4b6cf54dfae49230fc2344390fe8f00:43912b00650662ca0d804bb643f1b08a
Macey,interdum@google.org,5b7185bc8b02ea9dd4e91c4072f95f386f3b6860255d300e0df4a1f60c7afe73:ae890e73bf3b1d504e6676aadc88f203
Victor,iaculis.enim.sit@yahoo.org,024a39fb594a8c995b8d87c218c50b170c838026a4f4836bfd691ce4d2bc8f7a:9865e68ba556a7837c90c98e616d1925
Hadassah,dolor.elit@aol.org,414329873d977ddd53d71ed7a4a99c1937c96c633f7c0f23363f45f3d42b8d8e:9e1d396b67947dcaa298c233096e4a4f
Blossom,integer.eu.lacus@icloud.org,2f7e3a23ecd0b8a3a51d27329893c25b076d2c3a2bbd4206b25078a72ff9f99e:bccc1fa57ddecb3b2c2dda65a8c89d8c
Gemma,non.enim.mauris@protonmail.org,3e759247249278213a30a815eff2beea35f7ce81d5f197f55f92f3a640ec872a:823edb2083314623b2917cf065beaa48
Keane,nec.orci.donec@outlook.com,cff2684d21eda34138e0537229639870ec4d97a9649d3dc44106f4c63e2349d0:9ca965878104925d0ec3eae35c07b06a
Beck,lacus.quisque.imperdiet@icloud.org,fe8f9ae6b2b8c6efbf4df2002184ed288510b8fa55b02e998b6eca425c2538e3:a66855f1d283bc5560f68cd901a9002f
Rhoda,at.risus@google.edu,e778a0a14dbd14715673ac8574fa119812d255f9eeb98047431a4e7117b2a1c1:24dc735157fba6dabb84384ea7e89a6f
Cathleen,sagittis.lobortis@protonmail.edu,c705c28d5dd1a0ec118825c265c1ca479e15099f3fbfe71f4e10b985c86adc71:2639476be435c90b86225ad682cc65a1
Raphael,scelerisque.scelerisque.dui@yahoo.ca,7424758be01173e9ecbb41ae3807c051995dc4bb66d2d939438cbb74be946655:a67e27753b41d0c82156cbe6c5cc34cf
Lenore,praesent.luctus@protonmail.com,f8c2404b3ebe84fef60725c0f805175d8cd4e3993eefca67f292499656c503e9:efd36b721e4aa446d81ddc2e6e6c85cf
Libby,odio.tristique@google.couk,e8b78890e37659626b9e2461a614a4312b486c43d9eac73137a6ffc7615e0550:e73385225170f33eafe709dc1313c597
Thomas,et@aol.org,e891bb0bf1ee2ff13d3a2e691e5e2e9915ce8d1b9c3654d38650c149aca4b43e:4bd6ec329e637424649bd89cdb24ec3c
Winifred,leo.cras@protonmail.com,06bf496ba56a02a12f9139fb23a0083ba301d59509506b8a143c0c9d307d0a04:ef691e41734aa4beb32fbd5af47f7624
Jillian,malesuada.malesuada@yahoo.org,f5750075e44a42aac0d471af82111f1cb592e2308e2d2b803ee28e9902dcd4e2:f0262066a3902a43a499d4f22c4ede1b
September,risus.quis@outlook.net,f60ee46cab021657bd7fe5dfbb1dd0b13db27e8011ce61d7b5e0460f8116867c:644fe69ac6be8b892b8c2e7127e83192
Ross,orci.phasellus@protonmail.edu,b4ab014debba2cecc8d6831e6d0ac06de65a4e6c39fe6b97461118b939766d0e:6fd98a02d5364b42d8d32598df2e44d1
Indira,turpis@yahoo.org,2bd21c80a54591deb7d9e81b4cb366d064dee8d8f1665ece80e493cbfbb85a89:ad9732c931d997f3738ba355d1036105
Emerson,eget@protonmail.ca,794519400a1e534af8f4978015f007cd2e3879786e9165d47d664271cae60eae:3345bedfc5087f67b30c57e4f1bad6af
Olga,metus.aliquam.erat@aol.edu,4a4c7e68a33529a4e5c333a492197c87e5e3f6c9585e54efb324a51788734e0e:7bf48697bd4be231493ab84b36c06489
Abra,elit.a@outlook.com,43c6795c11f0f932b3468f676a004db3a3af9eab3b694bdcfe7555c040c54ece:de1c8f605367d9a33aa24190e0e9af67
Alisa,vulputate@outlook.com,069a9495cff7e4a6acba10501f58825a4355e203aa553eca999f3952b78abcfc:aa4afda145043237487b79155575576b
Mason,ornare.in.faucibus@google.edu,db608e1dea59c814264fa39eaaea00618fb448a83a8d8243a6e218fd9ba7909a:5f8e3fbe13c2063e6ded9e905c004795
April,montes@protonmail.com,9d54093029e4adbd3c089a0e16776b6de6683c379ed97457a45df579d7cfcc00:ec945005d7b9eb41641abd35848dec32
Cassady,blandit.nam@aol.com,1785822d09681eb35d44c3b4cdd31be1b892c8696298741a9615e417af22a53b:8e2695aa23a30a273244545b645cd97f
Paula,urna.justo@google.net,461efaf3fd7c09bb19e6a0645b4968d440c8ff1ff9737a7cfc3307748b11b0ea:ff2c99caa7b659249f5a1a2ec02a3f17
Gareth,magna.phasellus.dolor@protonmail.edu,232c717505140af64a61036a004bd2bda1706548597f51620d9f956e88806d0c:c365daa3c8ced454423159bda1023b31
Nash,semper.egestas@yahoo.com,04773460ffd0fd16c828f41958400dc5ac7e6c6e8901e5956cd210e763716a7e:865eb20bdd2ae298c7f15cd232d32d64
Irma,aliquet@google.com,f5f7fc7bb6246b536d42e40b798d3dc588c0789eb327253a2ddbbbabb117904f:b7b169f1406d64f73e880206e5253501
Skyler,euismod.in.dolor@yahoo.couk,0b09112f9e53b4f2fca0e24326c5f5ebd116eb50c9a63d915231289f1eb314f2:4671ba4bf0bb10585d988c53a4e45a7d
Louis,convallis.in@aol.org,aba530365ed2e9e17d515af9d72a97203c8ee65bcf83e9af4a689678107196d7:c064749d33318d23e369f5d602af0ec3
Drew,at@icloud.org,0101a9653128f5ea6e165368cb64f23137d538ce8db742de91ea3cb8b4d3fc06:801c78579310890d632d8f18cd6f94d6
Hector,donec.luctus@yahoo.org,96db8966ef7b185930336e91990fae2bbe7b8c98c19910a1d01f8e5f3f83d266:9ce840ed8c010b4894ddbc47f9467b18
Melissa,nibh.donec@protonmail.couk,7087c42aa6e77d2e59e03a7c73bd2c30c1aa8560353c2b8e50ccd74b93257c6c:3af42aa3159c6ef6dae107c79b84e278
Anthony,nam.tempor.diam@yahoo.ca,ef796e12d3e315b2b2d05d63087548aa934d56ecea17ebb7f5b457ca25931296:c1a9fb6800dc018b42aafdf2cc0b2840
Bell,mollis.integer@outlook.net,c7cc2e215672030c21300ceef45a597f4d5fc5aafe3b11e8e322f6fbd21001f2:89b95495d82dd8d27cd41057f5381709
September,eros.nec@icloud.ca,2fee244af6407f56ea313d9351bb31346f24a46e358467c069b537356178d326:cfc08fcdf455688c6a902cf8d78ff64d
Madison,magna.malesuada@outlook.net,98ef705651ed7594b1335c5ac9ac164e68e2251ac33e18ebc6f8bd550684af49:c6cab5a2b9d957752d3567cf6cfc4adf
Sheila,orci.donec@yahoo.com,c069c5e6b867406638838eddf732f7eebddee63bf2c941639577f64c8363d123:a6a52a8dc4bf46a84ba571d6b593f2ad
Prescott,a.scelerisque.sed@aol.edu,bcb0e112b7372e9456ac1648e166eaf9cb7943da95cff55aa824662b958e9f9a:230dddc016ac361ee1c0d0daca634be0
Shad,mi@yahoo.ca,54ca795c36eea39ca230ee88113aa9ec5b7c5e7da62d4882884dab5f12add724:2dbe6bbcd82f1408e2e262e519c6c37d
Molly,etiam@hotmail.com,5e4c48e436ce512ab4a48ac074736060212bd48ee5741c4fd54e283dacaf7325:9517c729964d84424d0d35b1712c1b6c
Brenden,cursus.diam.at@icloud.org,5aa71faf93bbef92f2aaeaf10f90b57aa45c68f94fab2e6a825d9db8d98bf558:1eb3c4d07e004f8defab5b8863c18193
Bert,nec.cursus@icloud.org,5688543a63787f7771e455929ff8a9deb64d0d462389775eea9ae1316ef76e15:e2cccbc32184eefc9e8876b29b44a4da
Jada,eu.augue.porttitor@outlook.couk,0371ffa3216705473d16eff20a975875cb5e417cc8de6da7e8d71f67441b36cc:b33a76b9c48933c03c6e54891f4495e3
Riley,adipiscing.elit.etiam@icloud.com,67dc497527f3700368a98d3768f961bfc71e154b98d0d4b5bef90d1239fdfe54:ff5afe7ddb24bfb7c47e06f985fcb795
Eaton,ut@aol.net,7302eea152236c0c4a191876b6c076eb258ce86492351a3d8d07caa9346080d0:7e67ff61b996bad39aeaf1f4737b1de1
Lilah,eget.odio@icloud.com,8406f2c4cf99549e16800a51ba4307c330e4f71f4b4225aa7c6d45f314141415:972c0ff92ff0c0ff46b4c6ac7f3d48ee
Lillian,ac.arcu@outlook.org,85c90345ccdd2db086352d3806a0d13b69d7656fb6e477ba036a88600131f521:c2ab0fe4940e2eda393bf4534ca4f70e
Adam,euismod.est@outlook.edu,0fd82cef5fd4fd5321c607e3e0073621a1a9b2380618c8f35dc1f4d9ba5b4112:9aa750dd01ce1f22fcda2697a3bdbf84
Cleo,eget@icloud.net,02b2df37fb5bf75d7953f3ca5f3a6ee9389eadc4aae945f0b00becb9806eb2f0:42bf2f6fa26e3f49783a9e5af8bef351
Ava,mauris.aliquam@protonmail.edu,8f97db3660f811d54482109bef35e1204e80aaaa26602a9906d12ad6cc28a2bb:8c64165fd0a1e27ce743b63f6b2b7f53
Lavinia,nec.orci@hotmail.com,7c4946f67701f3792b065591a11e4d7965b7025c298cb5b0ed8ae85d08b9d52b:7c45215020f0d14c7874ba7dccd38a9b
Igor,a.feugiat@icloud.org,c851684248c1faf8e16c3b723fbbf771eb8866e233028600e7e70c4dd024da81:cda1a71937d7e2035570d9cca1bdf3fd
Anjolie,sapien.gravida@google.net,31e3f2115e730585d7951df1676c888d877e0a88c255cf5a3c047b0e3387cf10:57da315d6bb9d761408eb3ff87e24ad1
Delilah,et.magnis@protonmail.net,0d9ec1eb2a339fef4db0e1fe3caffb3f953267319d6634cadc151dad0c8d76c9:e3647c52902cb63d73dbbfd6def32d15
Reece,fusce.mollis@aol.edu,c9644e4f912a90c962b3dad67c0abae84ff1928dd23d2ca7a78e3bc913d1b093:311d4093f3607935843eb012c697e17e
Shannon,in.dolor@protonmail.ca,7d8aa254345830dc07e8181678c84e2ca8c28f0fa5ff1533fc016f9477807025:922dd2fa300ec2dbfbf0d05819ff25a8
Aladdin,libero@icloud.edu,fd91ba54ca524be9355ed085ba6d0641f7f04d421ee60db264b558d02110b618:69cb8bfe7832244b3c60e20e522069b4
Levi,eu.dui@aol.com,e179605e6f9a005968f8e360badefed629c46d63abb22745335b65ef1bf2bea1:1c35280d8c60b7b8beabacf1a307e8c2
Armand,ligula@icloud.org,67885776c531f041a735444185b552a30a30c1c6085870ad65ad50403a2ca46e:1a1bb53e9d4aa47bf32e297466b8f162
Palmer,massa.quisque.porttitor@hotmail.net,c2f207283560c3927f0556064d288f27110f34bb82ce1f87ff6ac27480ba9c6b:da9dd8785872778b9c92450e261f760d
Jonas,faucibus@icloud.org,dddd51f625d14b7f6391a1dff1a23f60ff8c2794a56abf19d4729b6c4e77f5bd:d453b72771b386c021db5a094854998e
Imogene,ac.facilisis@protonmail.edu,c419f54dd77c53341be91f501574d2bbd04010c2e5065ddc25c71e1498b315be:dc7d61b5adc7e3e86f514fddb7e0eb76
Yen,nonummy.ac@icloud.com,d32afbd13d9fd0ba02c41194041a8c6add897bdac7878509214fdecb24c2a07b:d78ad90aa126b715337b78d2d578b7c0
Lane,sem.semper@icloud.net,bc2f7777207b0ebfd502e0cac6cb21f46ff266a24fe71124b10a26c7fd919c4d:c2cb6eb77273575904bff1dda2dbff2f
Charles,sollicitudin.adipiscing@icloud.com,44a5e255dbd03a16ec938572ed07b1f7faabc3763dd99d689b8791b7d7e2e351:b991d767e573ce90503362b95e28c8af
Warren,eget.varius@aol.edu,3b8019739b71c0349dcfbcdb42428ebb1ad3d3d1bfb430710f6f162f9dc699dd:d6313f59b73f6994952410295ae41e72
Xaviera,laoreet.libero.et@yahoo.org,0e6509d48046f47ae3ffb9204cf64d9f2d3e75295f3038e4991c7b2bcbaad3c9:1e03b4dc881ee7b2925d3fb94933bc44
Leigh,fermentum@protonmail.couk,880aa6aeacf932f53824ebaa047eb47298ad96d1bbc6520d92f4fc5709ea8ed7:79a4aaf6d8d6b07a124424adea64b405
Kamal,vivamus.rhoncus.donec@protonmail.edu,1499a98c75c995a38b1a04a25536a9e74a2feb11c4f4e27f64864bc00091abfd:edfa76b510dd797a7c6b3ae2e2a150b3
Timon,suspendisse.non.leo@icloud.org,47eae7c948637ea46c48110f1a3f3829d38da8f9e74995a0c07b768475986e2c:53d73f89ba721a819f30ea57254cce18
Cheyenne,enim.etiam.imperdiet@icloud.com,cde653b579e758ca93d7fe46e4a109d184b39dc64c1f87326ff33600c3578995:848aadf5e339244676582e7ac2e55f39
Reese,id.erat.etiam@protonmail.net,dc76e7363815ee56ebe3f71aee2ecf9c164d52ac4aed2e0fcf11b3fbfa9c9b33:c4f85fcf21a2cf7bfc1fa96dd11de8da
Ori,curabitur.sed.tortor@outlook.edu,ae5ceda2be4aecd2470ca77ffdc484175281b40030aae8415111ab5dac1c1a93:ec2bd7117ae91c088921e38f3788072f
Berk,a.felis@hotmail.edu,a97e2cb8e81564efdf0b0c138c1c66f0abfc403ff56694c55937b5e1ee7119ae:0bb59fea7d26ccb35630dcfd5128c000
Regina,nisi@outlook.edu,62b9e85d80c14050be2b558821af111cf200471458a8540442ee60913494cd39:88d59627e5b69ec1fb8a45acb6639272
Blake,eleifend.egestas@protonmail.org,bbe9dda50900da27d4b9ac7d95f6c8bc856e16e87cf426d0d339095fe289d93a:5ff6db05170de6bfd92aeda602bbc307
Walter,metus@hotmail.com,70acc203645444e29f6cbf005e416f2a68e61524e9b0b91a8c3454c406897566:ad87d03c4361857684fea77d3dbcfb85
Ayanna,nam.ligula@protonmail.org,2b7346114a470e2fd86de07980e7122c7004d0255e88b93d1902d709d02d7994:cdf0f03f00c5c336214b345a2b3d89b1
Colby,euismod@yahoo.org,a03890751c1334b16cb707a29be585767859032d58cd86aef0e16d91d6ccbac2:64dec64c6a726eefb9f4f8b0669f2dae
Joshua,tempor.arcu.vestibulum@yahoo.com,9fce1dbc5c73fa9c112dc8b1dd8f62873922ee44698372ecbc27f4c72e8d4a0a:0ca521b70415fa4d4aaa095c43f84fea
Jade,sed.eu@protonmail.edu,c0799f33eea843425220c08f1a9d3d53aa0008255e09ed8ed31ac171263ab2d1:a255f4400e1571136cd71f25f220c036
Ulla,vitae.posuere@google.org,d08855c00ab19e4dc601dbe2acc5032aef7dfe9e0a1e9d1cd7bc306dfa2d404f:8fcba913e8610134a8e0c40f53ff0c8e
Kermit,sociis.natoque@hotmail.edu,74d3680be5b6b3736dcabf9ea7d88bb5142b3c4adc13a03aada38e548e138b66:99c95eb5df9b78e52cd4d9c3eabcf97e
Kato,ante.bibendum.ullamcorper@outlook.org,446c5fc085165fd4801ea6021633905f6712d110091bc9ac3926b9324084b35a:af45f884e50b64093bdea6337fdbbfca
Nadine,montes.nascetur@hotmail.net,ec746f91c4326d7a83dd9022e37d2bb50af02179d27416f467f2de88147301e3:ff8ad60b66afc3ac360035fd21d00d8a
Justine,id@protonmail.org,dfbef0ef104405efff727e244de2165e3cbb6d843c35ac5ee909299dcb54b625:1cb4c634d0436182d938bdc0c0440b3f
Samuel,nunc@aol.net,648f1faec5f542c6dad71309a0a9e7d856daba6f8cae7e880674e29a9c409413:83c4f20e731bb9828da11d7ff9969ac2
Hollee,lobortis@icloud.net,3598d320da00f22c3c5e9247b3c87600c85f06bbd692b8f8c7fa28c20e806af2:15883aa4a921b25ad22bfef8040ae9cb
Felicia,et.ultrices.posuere@aol.edu,c145eba100cd610582b77e8b7439c0d070ed6e530c1e29d182305cbdab271748:c84cc2cdc887f88c403465c6b528a85e
Isabelle,accumsan.interdum.libero@yahoo.com,ae9a50a7543bebee4f05b398eb13291bfd53aedb94ac46ffea0747f9658f4be3:f127ecd4a514536b29ffde7afc81538a
Elton,aliquam@icloud.couk,2aacdac0f1c5c034bd5309ea61e8e3359b3d88e2b57040b84f12266f2852030a:6ab1d859b4a588d5ea8ab103f0954a58
Ivan,adipiscing.elit@icloud.org,3e32ff223987239f891f599c375eb46648423a40508b36b47ff589c6242ac4e5:29a04bebfa65e00182266b4dbd003e67
Cooper,lorem.vehicula@hotmail.edu,84153de67221be5e5f591a9c896530c298bff33bced03fc401d1f06ed5ddb185:7b8b59faca64e8dbaa1bb119b0886532
Dean,tristique.senectus@hotmail.org,5c80f32882ab73f49b5100575de81d6307b85afa34eb827163f36e47e6aee476:f85933a8a354334e7d0bc3f9ec7abea8
Echo,sit.amet@icloud.org,e34c6d6d67d06b0de10a518cf95798af1ee3d640245b54dedd350c88da519f61:a8f288482f1c4c5cc10e07e16eeca3dc
Barclay,sodales.purus@hotmail.net,7990359ce22f8d3a41abb1f32bff64991ff74f7b747db18a28e178e4f2d71260:3aee58247a6903609d95c27b7f68a4f8
Macon,non.dapibus.rutrum@google.ca,bdd08812bf5f0fe8f800c6bb900b6ff40472d55aea20a7c5e46a1179ecfd04e8:836d0f3b6fc6e0d56677d912da03b98c
Pierre,pierre.sexy33@minecraft.xxx,bad65d50ee42b80aa936f3e9e9828d3582d85b35288590af60e29ce528973bf3:7acb6e9ed3f70308bcd5e6fe6d433063
Pierr,pierr.sexy33@minecraft.xxx,bad65d50ee42b80aa936f3e9e9828d3582d85b35288590af60e29ce528973bf3:7acb6e9ed3f70308bcd5e6fe6d433063
Pier,pier.sexy33@minecraft.xxx,bad65d50ee42b80aa936f3e9e9828d3582d85b35288590af60e29ce528973bf3:7acb6e9ed3f70308bcd5e6fe6d433063
Pie,pie.sexy33@minecraft.xxx,bad65d50ee42b80aa936f3e9e9828d3582d85b35288590af60e29ce528973bf3:7acb6e9ed3f70308bcd5e6fe6d433063
Pi,pi.sexy33@minecraft.xxx,bad65d50ee42b80aa936f3e9e9828d3582d85b35288590af60e29ce528973bf3:7acb6e9ed3f70308bcd5e6fe6d433063
P,p.sexy33@minecraft.xxx,bad65d50ee42b80aa936f3e9e9828d3582d85b35288590af60e29ce528973bf3:7acb6e9ed3f70308bcd5e6fe6d433063
Piar,piar.sexy33@minecraft.xxx,bad65d50ee42b80aa936f3e9e9828d3582d85b35288590af60e29ce528973bf3:7acb6e9ed3f70308bcd5e6fe6d433063
Piarre,piarre.sexy33@minecraft.xxx,bad65d50ee42b80aa936f3e9e9828d3582d85b35288590af60e29ce528973bf3:7acb6e9ed3f70308bcd5e6fe6d433063
Pierrou,pierrou.sexy33@minecraft.xxx,bad65d50ee42b80aa936f3e9e9828d3582d85b35288590af60e29ce528973bf3:7acb6e9ed3f70308bcd5e6fe6d433063
Pierreux,pierreux.sexy33@minecraft.xxx,bad65d50ee42b80aa936f3e9e9828d3582d85b35288590af60e29ce528973bf3:7acb6e9ed3f70308bcd5e6fe6d433063
